year,session,code,subject,papers,max_mark,9,8,7,6,5,4,3,2,1,u
2017,Jun,1EN0,English Language,01 02,160,134,123,112,99,86,74,52,30,9,0
2017,Jun,1ET0,English Literature,01 02,160,140,127,115,99,84,69,48,27,6,0
2017,Jun,1MA1,Mathematics (Foundation),1F 2F 3F,240,,,,,158,122,90,58,26,0
2017,Jun,1MA1,Mathematics (Higher),1H 2H 3H,240,190,157,124,96,68,41,27,,,0
2017,Nov,1EN0,English Language,01 02,160,134,125,116,103,90,77,56,35,15,0
2017,Nov,1MA1,Mathematics (Foundation),1F 2F 3F,240,,,,,145,113,83,53,23,0
2017,Nov,1MA1,Mathematics (Higher),1H 2H 3H,240,189,150,112,85,58,32,19,,,0
2018,Jun,1AD0,"Art, Craft and Design",01 02,180,147,134,122,105,88,71,50,30,10,0
2018,Jun,1BI0,Biology (Foundation),1F 2F,200,,,,,105,78,57,36,16,0
2018,Jun,1BI0,Biology (Higher),1H 2H,200,145,129,114,93,73,53,33,,,0
2018,Jun,1CH0,Chemistry (Foundation),1F 2F,200,,,,,108,87,64,41,18,0
2018,Jun,1CH0,Chemistry (Higher),1H 2H,200,153,132,112,92,72,52,32,,,0
2018,Jun,1CP1,Computer Science,01 02,160,113,99,86,75,64,53,40,28,16,0
2018,Jun,1CS0,Citizenship Studies,01 02,160,130,119,108,93,78,64,44,25,6,0
2018,Jun,1DR0,Drama,01 02 03,240,191,178,166,149,132,116,86,57,28,0
2018,Jun,1EN0,English Language,E 01 02,160,133,122,111,99,87,75,54,33,12,0
2018,Jun,1ET0,English Literature,01 02,160,133,121,109,95,81,67,49,31,13,0
2018,Jun,1FA0,Fine Art,01 02,180,147,134,122,105,88,71,50,30,10,0
2018,Jun,1FR0,French (Foundation),1F 2F 3F 4F,280,,,,,162,132,97,62,28,0
2018,Jun,1FR0,French (Higher),1H 2H 3H 4H,280,225,192,160,137,115,93,71,,,0
2018,Jun,1GA0,Geography A,01 02 03,256,194,176,159,140,121,103,72,41,10,0
2018,Jun,1GB0,Geography B,01 02 03,256,195,177,159,139,119,99,69,40,11,0
2018,Jun,1GC0,Graphic Design,01 02,180,147,134,122,105,88,71,50,30,10,0
2018,Jun,1GN0,German (Foundation),1F 2F 3F 4F,280,,,,,173,139,102,65,28,0
2018,Jun,1GN0,German (Higher),1H 2H 3H 4H,280,221,188,156,131,106,81,56,,,0
2018,Jun,1HI0,History,10 20 31,168,142,128,115,100,86,72,52,32,12,0
2018,Jun,1HI0,History,10 21 31,168,139,125,112,97,82,67,48,30,12,0
2018,Jun,1HI0,History,10 21 33,168,139,125,112,97,82,67,48,30,12,0
2018,Jun,1HI0,History,10 22 30,168,139,125,112,97,82,68,49,30,12,0
2018,Jun,1HI0,History,10 22 31,168,137,123,110,95,81,67,48,29,11,0
2018,Jun,1HI0,History,10 22 33,168,137,123,110,95,81,67,48,29,11,0
2018,Jun,1HI0,History,10 23 30,168,138,124,111,96,82,68,49,30,12,0
2018,Jun,1HI0,History,10 23 31,168,140,124,109,95,81,67,48,29,11,0
2018,Jun,1HI0,History,10 23 33,168,136,122,109,95,81,67,48,29,11,0
2018,Jun,1HI0,History,10 24 30,168,141,127,114,99,84,69,50,31,12,0
2018,Jun,1HI0,History,10 24 31,168,139,125,112,97,82,68,49,30,11,0
2018,Jun,1HI0,History,10 24 33,168,138,125,112,97,82,68,49,30,11,0
2018,Jun,1HI0,History,10 25 30,168,139,125,112,97,82,68,49,30,12,0
2018,Jun,1HI0,History,10 25 31,168,138,124,110,95,81,67,48,29,11,0
2018,Jun,1HI0,History,10 25 32,168,139,125,112,97,82,68,49,30,12,0
2018,Jun,1HI0,History,10 25 33,168,139,124,110,95,81,67,48,29,11,0
2018,Jun,1HI0,History,10 26 30,168,143,129,116,101,86,72,52,32,12,0
2018,Jun,1HI0,History,10 26 31,168,141,127,114,99,85,71,51,31,11,0
2018,Jun,1HI0,History,10 26 33,168,141,127,114,99,85,71,51,31,11,0
2018,Jun,1HI0,History,10 27 30,168,143,130,118,103,88,73,52,32,12,0
2018,Jun,1HI0,History,10 27 31,168,140,128,116,101,86,72,51,31,11,0
2018,Jun,1HI0,History,10 27 32,168,145,131,118,103,88,73,52,32,12,0
2018,Jun,1HI0,History,10 27 33,168,142,129,116,101,86,72,51,31,11,0
2018,Jun,1HI0,History,10 28 30,168,142,128,115,100,86,72,52,32,13,0
2018,Jun,1HI0,History,10 28 31,168,140,126,113,99,85,71,51,31,12,0
2018,Jun,1HI0,History,10 28 32,168,142,128,115,100,86,72,52,32,13,0
2018,Jun,1HI0,History,10 28 33,168,140,126,113,99,85,71,51,31,12,0
2018,Jun,1HI0,History,10 29 30,168,142,128,115,100,86,72,52,32,13,0
2018,Jun,1HI0,History,10 29 31,168,140,126,113,99,85,71,51,31,12,0
2018,Jun,1HI0,History,10 29 32,168,142,128,115,100,86,72,52,32,13,0
2018,Jun,1HI0,History,11 20 31,168,140,126,113,99,85,72,51,31,11,0
2018,Jun,1HI0,History,11 20 32,168,142,128,115,101,87,73,52,32,12,0
2018,Jun,1HI0,History,11 21 31,168,137,123,110,95,81,67,48,29,11,0
2018,Jun,1HI0,History,11 21 33,168,137,123,110,95,81,67,48,29,11,0
2018,Jun,1HI0,History,11 22 31,168,138,123,108,94,80,67,48,29,10,0
2018,Jun,1HI0,History,11 22 33,168,135,121,108,94,80,67,48,29,10,0
2018,Jun,1HI0,History,11 23 31,168,140,123,107,93,80,67,48,29,10,0
2018,Jun,1HI0,History,11 23 33,168,134,120,107,93,80,67,48,29,10,0
2018,Jun,1HI0,History,11 24 30,168,139,125,112,97,83,69,49,30,11,0
2018,Jun,1HI0,History,11 24 31,168,139,124,110,96,82,68,48,29,10,0
2018,Jun,1HI0,History,11 24 32,168,139,125,112,97,83,69,49,30,11,0
2018,Jun,1HI0,History,11 24 33,168,139,124,110,96,82,68,48,29,10,0
2018,Jun,1HI0,History,11 25 30,168,137,123,110,96,82,68,49,30,11,0
2018,Jun,1HI0,History,11 25 31,168,137,122,108,94,80,67,48,29,10,0
2018,Jun,1HI0,History,11 25 32,168,137,123,110,96,82,68,49,30,11,0
2018,Jun,1HI0,History,11 25 33,168,135,121,108,94,80,67,48,29,10,0
2018,Jun,1HI0,History,11 26 30,168,141,127,114,100,86,72,51,31,11,0
2018,Jun,1HI0,History,11 26 31,168,140,126,112,98,84,71,50,30,10,0
2018,Jun,1HI0,History,11 26 32,168,141,127,114,100,86,72,51,31,11,0
2018,Jun,1HI0,History,11 26 33,168,138,125,112,98,84,71,50,30,10,0
2018,Jun,1HI0,History,11 27 30,168,143,129,116,101,87,73,52,31,11,0
2018,Jun,1HI0,History,11 27 31,168,141,127,114,100,86,72,51,30,10,0
2018,Jun,1HI0,History,11 27 32,168,143,129,116,101,87,73,52,31,11,0
2018,Jun,1HI0,History,11 27 33,168,140,127,114,100,86,72,51,30,10,0
2018,Jun,1HI0,History,11 28 31,168,136,123,111,97,84,71,51,31,11,0
2018,Jun,1HI0,History,11 28 33,168,138,124,111,97,84,71,51,31,11,0
2018,Jun,1HI0,History,11 29 30,168,140,126,113,99,85,72,52,32,12,0
2018,Jun,1HI0,History,11 29 31,168,138,124,111,97,84,71,51,31,11,0
2018,Jun,1HI0,History,11 29 32,168,140,126,113,99,85,72,52,32,12,0
2018,Jun,1HI0,History,11 29 33,168,138,124,111,97,84,71,51,31,11,0
2018,Jun,1HI0,History,12 20 31,168,144,130,117,103,89,76,55,34,13,0
2018,Jun,1HI0,History,12 20 33,168,144,130,117,103,89,76,55,34,13,0
2018,Jun,1HI0,History,12 22 31,168,139,125,112,98,84,71,51,31,12,0
2018,Jun,1HI0,History,12 23 30,168,140,126,113,99,85,72,52,32,13,0
2018,Jun,1HI0,History,12 23 31,168,138,124,111,97,84,71,51,31,12,0
2018,Jun,1HI0,History,12 24 30,168,143,129,116,101,87,73,53,33,13,0
2018,Jun,1HI0,History,12 24 31,168,141,127,114,100,86,72,52,32,12,0
2018,Jun,1HI0,History,12 24 33,168,141,127,114,100,86,72,52,32,12,0
2018,Jun,1HI0,History,12 25 31,168,139,125,112,98,84,71,51,31,12,0
2018,Jun,1HI0,History,12 25 33,168,139,125,112,98,84,71,51,31,12,0
2018,Jun,1HI0,History,12 26 30,168,145,131,118,104,90,76,55,34,13,0
2018,Jun,1HI0,History,12 26 31,168,140,128,116,102,88,75,54,33,12,0
2018,Jun,1HI0,History,12 26 32,168,145,131,118,104,90,76,55,34,13,0
2018,Jun,1HI0,History,12 26 33,168,143,129,116,102,88,75,54,33,12,0
2018,Jun,1HI0,History,12 27 30,168,147,133,120,105,91,77,55,34,13,0
2018,Jun,1HI0,History,12 27 31,168,141,129,118,104,90,76,54,33,12,0
2018,Jun,1HI0,History,12 27 33,168,145,131,118,104,90,76,54,33,12,0
2018,Jun,1HI0,History,12 28 31,168,142,128,115,101,88,75,54,33,13,0
2018,Jun,1HI0,History,12 28 32,168,144,130,117,103,89,76,55,34,14,0
2018,Jun,1HI0,History,12 28 33,168,142,128,115,101,88,75,54,33,13,0
2018,Jun,1HI0,History,12 29 31,168,142,128,115,101,88,75,54,33,13,0
2018,Jun,1MA1,Mathematics (Foundation),1F 2F 3F,240,,,,,169,136,101,66,31,0
2018,Jun,1MA1,Mathematics (Higher),1H 2H 3H,240,202,170,139,109,79,50,35,,,0
2018,Jun,1MU0,Music,01 02 03,200,167,155,144,131,119,107,82,58,34,0
2018,Jun,1PE0,Physical Education,01 02 03 04,350,270,252,235,213,192,171,133,95,57,0
2018,Jun,1PH0,Physics (Foundation),1F 2F,200,,,,,116,95,70,45,20,0
2018,Jun,1PH0,Physics (Higher),1H 2H,200,153,134,115,93,72,51,30,,,0
2018,Jun,1PY0,Photography,01 02,180,147,134,122,105,88,71,50,30,10,0
2018,Jun,1RA0,Religious Studies A,1A 2C 3A,204,140,128,116,102,88,75,54,34,14,0
2018,Jun,1RA0,Religious Studies A,1A 2F 3A,204,136,124,112,98,84,71,52,33,14,0
2018,Jun,1RA0,Religious Studies A,1A 2F 4A,204,137,127,117,104,91,79,58,37,16,0
2018,Jun,1RA0,Religious Studies A,1B 2C 3B,204,146,134,122,107,93,79,58,37,16,0
2018,Jun,1RA0,Religious Studies A,1B 2C 4A,204,148,136,124,110,97,84,61,39,17,0
2018,Jun,1RA0,Religious Studies A,1B 2D 3B,204,144,132,120,105,91,77,56,36,16,0
2018,Jun,1RA0,Religious Studies A,1B 2E 4A,204,146,134,122,108,95,82,60,38,17,0
2018,Jun,1RA0,Religious Studies A,1B 2F 3B,204,142,130,118,103,89,75,55,35,16,0
2018,Jun,1RA0,Religious Studies A,1B 2F 4A,204,144,132,120,106,93,80,59,38,17,0
2018,Jun,1RA0,Religious Studies A,1C 2A 3C,204,149,137,125,110,95,81,59,38,17,0
2018,Jun,1RA0,Religious Studies A,1C 2A 4B,204,147,135,123,108,93,79,58,37,16,0
2018,Jun,1RA0,Religious Studies A,1C 2B 3C,204,150,138,126,111,97,83,61,39,17,0
2018,Jun,1RA0,Religious Studies A,1C 2B 4B,204,148,136,124,109,95,81,59,37,16,0
2018,Jun,1RA0,Religious Studies A,1C 2F 3C,204,146,134,122,107,93,79,58,37,17,0
2018,Jun,1RA0,Religious Studies A,1C 2F 4B,204,144,132,120,105,91,77,56,36,16,0
2018,Jun,1RB0,Religious Studies B,1A 2C,204,140,128,117,105,93,81,58,36,14,0
2018,Jun,1RB0,Religious Studies B,1A 2F,204,129,119,109,96,83,70,51,32,14,0
2018,Jun,1RB0,Religious Studies B,1A 3C,204,133,123,114,100,87,74,54,34,15,0
2018,Jun,1RB0,Religious Studies B,1A 3F,204,134,123,112,99,87,75,54,33,13,0
2018,Jun,1RB0,Religious Studies B,1B 2C,204,141,130,120,107,94,82,59,37,15,0
2018,Jun,1RB0,Religious Studies B,1B 2D,204,141,129,118,104,90,76,55,35,15,0
2018,Jun,1RB0,Religious Studies B,1B 2E,204,135,124,114,101,88,76,56,36,17,0
2018,Jun,1RB0,Religious Studies B,1B 2F,204,139,125,112,98,84,71,52,33,15,0
2018,Jun,1RB0,Religious Studies B,1B 2G,204,136,126,117,103,90,77,56,36,16,0
2018,Jun,1RB0,Religious Studies B,1B 3C,204,134,125,117,103,89,75,55,35,16,0
2018,Jun,1RB0,Religious Studies B,1B 3D,204,136,124,113,101,89,77,57,37,17,0
2018,Jun,1RB0,Religious Studies B,1B 3F,204,135,125,115,102,89,76,55,34,14,0
2018,Jun,1RB0,Religious Studies B,1B 3G,204,142,130,119,107,95,83,60,38,16,0
2018,Jun,1RB0,Religious Studies B,1C 2B,204,143,132,122,110,98,86,62,38,14,0
2018,Jun,1RB0,Religious Studies B,1C 2F,204,134,124,115,101,88,75,54,34,14,0
2018,Jun,1RB0,Religious Studies B,1C 3B,204,143,132,121,108,96,84,60,37,14,0
2018,Jun,1RB0,Religious Studies B,1D 2B,204,138,129,120,106,92,79,58,37,16,0
2018,Jun,1RB0,Religious Studies B,1D 3B,204,136,127,119,105,91,77,56,36,16,0
2018,Jun,1RB0,Religious Studies B,1E 2B,204,147,135,123,111,99,88,64,40,16,0
2018,Jun,1RB0,Religious Studies B,1E 3G,204,148,135,123,111,100,89,65,41,17,0
2018,Jun,1RB0,Religious Studies B,1F 2B,204,142,131,120,107,95,83,60,38,16,0
2018,Jun,1RB0,Religious Studies B,1F 3B,204,140,129,119,106,93,81,59,37,16,0
2018,Jun,1RB0,Religious Studies B,1G 2B,204,148,136,124,112,100,89,64,39,15,0
2018,Jun,1RB0,Religious Studies B,1G 3B,204,146,134,123,111,99,87,63,39,15,0
2018,Jun,1RB0,Religious Studies B,2B 3C,204,136,127,118,104,90,77,56,35,15,0
2018,Jun,1RB0,Religious Studies B,2B 3G,204,144,132,120,108,96,85,61,38,15,0
2018,Jun,1RB0,Religious Studies B,2C 3B,204,141,130,120,107,94,82,59,36,14,0
2018,Jun,1RB0,Religious Studies B,2D 3B,204,135,126,118,104,90,76,55,34,14,0
2018,Jun,1SP0,Spanish (Foundation),1F 2F 3F 4F,280,,,,,179,151,110,70,30,0
2018,Jun,1SP0,Spanish (Higher),1H 2H 3H 4H,280,231,195,160,135,110,86,62,,,0
2018,Jun,1TD0,3D Design,01 02,180,147,134,122,105,88,71,50,30,10,0
2018,Jun,1TE0,Textile Design,01 02,180,147,134,122,105,88,71,50,30,10,0
2018,Jun,3PE0,Physical Education (Short Course),01 02,175,142,130,118,107,96,86,65,45,25,0
2018,Jun,3RA0,Religious Studies A (Short Course),01 03,102,68,62,56,50,45,40,29,18,7,0
2018,Jun,3RA0,Religious Studies A (Short Course),01 04,102,69,63,57,51,45,40,29,18,7,0
2018,Jun,3RA0,Religious Studies A (Short Course),02 03,102,69,63,57,51,45,39,28,18,8,0
2018,Jun,3RA0,Religious Studies A (Short Course),02 04,102,70,64,58,51,45,39,28,18,8,0
2018,Jun,3RA0,Religious Studies A (Short Course),03 04,102,69,63,57,51,45,40,29,18,8,0
2018,Jun,3RB0,Religious Studies B (Short Course),1A 2C,102,64,59,54,49,44,40,29,19,9,0
2018,Jun,3RB0,Religious Studies B (Short Course),1B 2C,102,65,60,55,50,45,40,30,20,10,0
2018,Jun,3RB0,Religious Studies B (Short Course),1B 2D,102,67,62,57,51,46,41,30,19,9,0
2018,Jun,3RB0,Religious Studies B (Short Course),1B 2E,102,67,62,57,51,46,41,30,19,9,0
2018,Jun,3RB0,Religious Studies B (Short Course),1B 2F,102,69,64,59,54,49,44,33,22,11,0
2018,Jun,3RB0,Religious Studies B (Short Course),1B 2G,102,65,60,55,50,45,40,29,19,9,0
2018,Jun,3RB0,Religious Studies B (Short Course),1C 2B,102,67,62,57,51,46,41,30,19,9,0
2018,Jun,3RB0,Religious Studies B (Short Course),1D 2B,102,67,62,57,52,47,42,31,20,9,0
2018,Jun,3RB0,Religious Studies B (Short Course),1E 2B,102,67,62,57,52,47,42,31,20,9,0
2018,Jun,3RB0,Religious Studies B (Short Course),1F 2B,102,72,67,62,56,50,45,33,22,11,0
2018,Jun,3RB0,Religious Studies B (Short Course),1G 2B,102,68,63,58,53,48,44,32,20,9,0
2018,Nov,1EN0,English Language,E 01 02,160,135,127,119,106,93,80,58,36,15,0
2018,Nov,1MA1,Mathematics (Foundation),1F 2F 3F,240,,,,,167,132,96,61,26,0
2018,Nov,1MA1,Mathematics (Higher),1H 2H 3H,240,194,159,125,95,66,37,22,,,0
2019,Jun,1AA0,Arabic (Foundation),1F 2F 3F 4F,280,,,,,152,130,96,62,28,0
2019,Jun,1AA0,Arabic (Higher),1H 2H 3H 4H,280,235,201,167,149,131,114,105,,,0
2019,Jun,1AD0,"Art, Craft & Design",01 02,180,147,134,122,105,89,73,52,31,10,0
2019,Jun,1AD0,"Art, Craft & Design",01T 02,180,147,134,122,105,89,73,52,31,10,0
2019,Jun,1AS0,Astronomy,01 02,200,157,142,127,112,97,82,63,44,25,0
2019,Jun,1BI0,Biology (Foundation),1F 2F,200,,,,,113,91,67,43,20,0
2019,Jun,1BI0,Biology (Higher),1H 2H,200,157,141,126,103,80,57,45,,,0
2019,Jun,1BS0,Business,01 02,180,135,125,115,102,89,77,57,37,17,0
2019,Jun,1CH0,Chemistry (Foundation),1F 2F,200,,,,,116,93,68,43,19,0
2019,Jun,1CH0,Chemistry (Higher),1H 2H,200,160,142,124,101,78,55,43,,,0
2019,Jun,1CN0,Chinese (Foundation),1F 2F 3F 4F,280,,,,,186,150,114,78,42,0
2019,Jun,1CN0,Chinese (Foundation),1F 2FC 3F 4F,280,,,,,186,150,114,78,42,0
2019,Jun,1CN0,Chinese (Higher),1F 2FM 3F 4F,280,197,171,145,119,93,68,55,,,0
2019,Jun,1CN0,Chinese (Higher),1H 2H 3H 4H,280,197,171,145,119,93,68,55,,,0
2019,Jun,1CP1,Computer Science,01 02,160,109,94,80,68,56,45,33,21,10,0
2019,Jun,1CS0,Citizenship Studies,01 02,160,126,114,102,88,74,60,42,25,8,0
2019,Jun,1DR0,Drama,01 02 03,240,196,183,172,156,140,124,92,60,28,0
2019,Jun,1DR0,Drama,01 02T 03,240,196,183,172,156,140,124,92,60,28,0
2019,Jun,1DR0,Drama,01T 02 03,240,196,183,172,156,140,124,92,60,28,0
2019,Jun,1DR0,Drama,01T 02T 03,240,196,183,172,156,140,124,92,60,28,0
2019,Jun,1DR0,Drama,02 03,240,196,183,172,156,140,124,92,60,28,0
2019,Jun,1DT0,Design and Technology,02 1A,200,147,134,121,107,93,79,58,37,16,0
2019,Jun,1DT0,Design and Technology,02 1B,200,142,132,123,109,95,82,60,39,18,0
2019,Jun,1DT0,Design and Technology,02 1C,200,147,134,121,107,94,81,60,40,20,0
2019,Jun,1DT0,Design and Technology,02 1D,200,150,137,124,110,96,83,61,39,18,0
2019,Jun,1DT0,Design and Technology,02 1E,200,150,136,122,108,95,82,61,40,20,0
2019,Jun,1DT0,Design and Technology,02 1F,200,148,134,120,105,91,77,57,37,18,0
2019,Jun,1EN0,English Language,E 01 02,160,135,125,116,105,94,83,62,41,20,0
2019,Jun,1ET0,English Literature,01 02,160,132,120,109,95,82,69,51,34,17,0
2019,Jun,1FA0,Art & Design: Fine Art,01 02,180,147,134,122,105,89,73,52,31,10,0
2019,Jun,1FA0,Art & Design: Fine Art,01T 02,180,147,134,122,105,89,73,52,31,10,0
2019,Jun,1FR0,French (Foundation),1F 2F 3F 4F,280,,,,,203,164,121,78,36,0
2019,Jun,1FR0,French (Foundation),1F 2FT 3F 4F,280,,,,,203,164,121,78,36,0
2019,Jun,1FR0,French (Higher),1H 2H 3H 4H,280,229,200,172,143,114,86,72,,,0
2019,Jun,1FR0,French (Higher),1H 2HT 3H 4H,280,229,200,172,143,114,86,72,,,0
2019,Jun,1GA0,Geography A,01 02 03,256,198,182,166,147,128,110,79,48,18,0
2019,Jun,1GB0,Geography B,01 02 03,256,199,181,163,143,124,105,75,45,16,0
2019,Jun,1GC0,Art & Design: Graphic Communication,01 02,180,147,134,122,105,89,73,52,31,10,0
2019,Jun,1GC0,Art & Design: Graphic Communication,01T 02,180,147,134,122,105,89,73,52,31,10,0
2019,Jun,1GK0,Greek (Foundation),1F 2F 3F 4F,280,,,,,246,204,162,121,80,0
2019,Jun,1GK0,Greek (Higher),1H 2H 3H 4H,280,245,228,211,194,177,160,151,,,0
2019,Jun,1GN0,German (Foundation),1F 2F 3F 4F,280,,,,,171,137,102,67,32,0
2019,Jun,1GN0,German (Foundation),1F 2FT 3F 4F,280,,,,,171,137,102,67,32,0
2019,Jun,1GN0,German (Higher),1H 2H 3H 4H,280,215,182,150,126,103,80,68,,,0
2019,Jun,1GN0,German (Higher),1H 2HT 3H 4H,280,215,182,150,126,103,80,68,,,0
2019,Jun,1HI0,History,10 2A 30,168,141,128,115,100,86,72,52,32,13,0
2019,Jun,1HI0,History,10 2A 31,168,140,127,114,99,85,71,51,31,12,0
2019,Jun,1HI0,History,10 2C 30,168,138,125,112,97,82,67,49,31,13,0
2019,Jun,1HI0,History,10 2C 31,168,137,124,111,96,81,66,48,30,12,0
2019,Jun,1HI0,History,10 2D 31,168,137,124,111,96,81,66,48,30,12,0
2019,Jun,1HI0,History,10 2D 33,168,136,123,110,95,80,65,47,29,12,0
2019,Jun,1HI0,History,10 2E 30,168,136,123,110,95,81,67,48,30,12,0
2019,Jun,1HI0,History,10 2E 31,168,135,122,109,94,80,66,47,29,11,0
2019,Jun,1HI0,History,10 2E 33,168,134,121,108,93,79,65,47,29,11,0
2019,Jun,1HI0,History,10 2F 31,168,135,122,109,94,80,66,48,30,12,0
2019,Jun,1HI0,History,10 2G 30,168,135,122,109,95,81,67,49,31,13,0
2019,Jun,1HI0,History,10 2G 31,168,134,121,108,94,80,66,48,30,12,0
2019,Jun,1HI0,History,10 2H 31,168,134,121,108,94,80,66,48,30,12,0
2019,Jun,1HI0,History,10 2H 33,168,133,120,107,93,79,65,47,29,12,0
2019,Jun,1HI0,History,10 2J 31,168,132,120,108,94,80,66,48,30,12,0
2019,Jun,1HI0,History,10 2J 33,168,131,119,107,93,79,65,47,29,12,0
2019,Jun,1HI0,History,10 2K 30,168,138,125,112,97,82,68,49,30,12,0
2019,Jun,1HI0,History,10 2K 31,168,137,124,111,96,81,67,48,29,11,0
2019,Jun,1HI0,History,10 2K 33,168,136,123,110,95,80,66,47,29,11,0
2019,Jun,1HI0,History,10 2L 31,168,132,120,109,94,80,66,47,29,11,0
2019,Jun,1HI0,History,10 2L 33,168,134,121,108,93,79,65,47,29,11,0
2019,Jun,1HI0,History,10 2M 30,168,133,120,107,93,79,66,48,30,12,0
2019,Jun,1HI0,History,10 2M 31,168,134,120,106,92,78,65,47,29,11,0
2019,Jun,1HI0,History,10 2M 32,168,133,120,107,93,79,65,47,29,12,0
2019,Jun,1HI0,History,10 2M 33,168,129,117,105,91,77,64,46,28,11,0
2019,Jun,1HI0,History,10 2N 30,168,141,128,115,100,85,70,51,32,13,0
2019,Jun,1HI0,History,10 2N 31,168,142,128,114,99,84,69,50,31,12,0
2019,Jun,1HI0,History,10 2N 33,168,137,125,113,98,83,68,49,30,12,0
2019,Jun,1HI0,History,10 2P 30,168,140,127,114,99,85,71,51,31,12,0
2019,Jun,1HI0,History,10 2P 31,168,141,127,113,98,84,70,50,30,11,0
2019,Jun,1HI0,History,10 2P 33,168,138,125,112,97,83,69,49,30,11,0
2019,Jun,1HI0,History,10 2Q 30,168,141,128,115,100,85,70,50,31,12,0
2019,Jun,1HI0,History,10 2Q 31,168,140,127,114,99,84,69,49,30,11,0
2019,Jun,1HI0,History,10 2Q 32,168,141,128,115,99,84,69,50,31,12,0
2019,Jun,1HI0,History,10 2Q 33,168,140,126,113,98,83,68,49,30,11,0
2019,Jun,1HI0,History,10 2R 30,168,144,129,115,100,85,71,51,32,13,0
2019,Jun,1HI0,History,10 2R 31,168,140,127,114,99,84,70,50,31,12,0
2019,Jun,1HI0,History,10 2R 32,168,141,128,115,100,85,70,51,32,13,0
2019,Jun,1HI0,History,10 2R 33,168,139,126,113,98,83,69,50,31,12,0
2019,Jun,1HI0,History,10 2T 31,168,138,125,112,98,84,70,50,31,12,0
2019,Jun,1HI0,History,10 2T 33,168,137,124,111,97,83,69,50,31,12,0
2019,Jun,1HI0,History,10 2U 30,168,139,126,113,99,85,72,52,32,13,0
2019,Jun,1HI0,History,10 2U 31,168,138,125,112,98,84,71,51,31,12,0
2019,Jun,1HI0,History,10 2U 33,168,137,124,111,97,83,70,50,31,12,0
2019,Jun,1HI0,History,10 2V 31,168,138,125,112,98,84,70,50,31,12,0
2019,Jun,1HI0,History,10 2V 32,168,139,126,113,98,84,70,51,32,13,0
2019,Jun,1HI0,History,10 2V 33,168,137,124,111,97,83,69,50,31,12,0
2019,Jun,1HI0,History,10 2W 30,168,139,126,113,99,85,71,51,32,13,0
2019,Jun,1HI0,History,10 2W 31,168,138,125,112,98,84,70,50,31,12,0
2019,Jun,1HI0,History,10 2W 32,168,139,126,113,98,84,70,51,32,13,0
2019,Jun,1HI0,History,10 2W 33,168,137,124,111,97,83,69,50,31,12,0
2019,Jun,1HI0,History,11 2A 31,168,142,129,116,102,88,75,54,33,13,0
2019,Jun,1HI0,History,11 2B 31,168,142,129,116,102,88,75,54,33,13,0
2019,Jun,1HI0,History,11 2B 32,168,143,130,117,103,89,75,54,34,14,0
2019,Jun,1HI0,History,11 2C 31,168,139,126,113,98,84,70,51,32,13,0
2019,Jun,1HI0,History,11 2C 33,168,138,125,112,97,83,69,50,31,13,0
2019,Jun,1HI0,History,11 2D 31,168,139,126,113,98,84,70,51,32,13,0
2019,Jun,1HI0,History,11 2D 33,168,138,125,112,97,83,69,50,31,13,0
2019,Jun,1HI0,History,11 2E 31,168,137,124,111,97,83,70,50,31,12,0
2019,Jun,1HI0,History,11 2E 33,168,136,123,110,96,82,69,50,31,12,0
2019,Jun,1HI0,History,11 2G 31,168,136,123,110,96,83,70,51,32,13,0
2019,Jun,1HI0,History,11 2H 30,168,137,124,111,97,84,71,52,33,14,0
2019,Jun,1HI0,History,11 2H 31,168,141,125,110,96,83,70,51,32,13,0
2019,Jun,1HI0,History,11 2H 33,168,135,122,109,95,82,69,50,31,13,0
2019,Jun,1HI0,History,11 2J 30,168,137,124,111,97,84,71,52,33,14,0
2019,Jun,1HI0,History,11 2J 31,168,137,123,110,96,83,70,51,32,13,0
2019,Jun,1HI0,History,11 2J 32,168,137,124,111,97,83,70,51,32,14,0
2019,Jun,1HI0,History,11 2J 33,168,134,121,109,95,82,69,50,31,13,0
2019,Jun,1HI0,History,11 2K 31,168,141,127,113,99,85,71,51,31,12,0
2019,Jun,1HI0,History,11 2K 33,168,138,125,112,98,84,70,50,31,12,0
2019,Jun,1HI0,History,11 2L 31,168,135,123,111,97,83,70,50,31,12,0
2019,Jun,1HI0,History,11 2L 32,168,138,125,112,98,84,70,51,32,13,0
2019,Jun,1HI0,History,11 2L 33,168,136,123,110,96,82,69,50,31,12,0
2019,Jun,1HI0,History,11 2M 30,168,135,122,109,96,83,70,51,32,13,0
2019,Jun,1HI0,History,11 2M 31,168,136,122,108,95,82,69,50,31,12,0
2019,Jun,1HI0,History,11 2M 32,168,135,122,109,95,82,69,50,31,13,0
2019,Jun,1HI0,History,11 2M 33,168,134,120,107,94,81,68,49,30,12,0
2019,Jun,1HI0,History,11 2N 30,168,143,130,117,102,88,74,54,34,14,0
2019,Jun,1HI0,History,11 2N 31,168,143,129,116,101,87,73,53,33,13,0
2019,Jun,1HI0,History,11 2N 32,168,143,130,117,102,87,73,53,33,14,0
2019,Jun,1HI0,History,11 2N 33,168,143,129,115,100,86,72,52,32,13,0
2019,Jun,1HI0,History,11 2P 30,168,142,129,116,102,88,75,54,33,13,0
2019,Jun,1HI0,History,11 2P 31,168,147,131,115,101,87,74,53,32,12,0
2019,Jun,1HI0,History,11 2P 32,168,142,129,116,102,88,74,53,33,13,0
2019,Jun,1HI0,History,11 2P 33,168,140,127,114,100,86,73,52,32,12,0
2019,Jun,1HI0,History,11 2Q 30,168,143,130,117,102,88,74,53,33,13,0
2019,Jun,1HI0,History,11 2Q 31,168,141,128,116,101,87,73,52,32,12,0
2019,Jun,1HI0,History,11 2Q 32,168,143,130,117,102,87,73,53,33,13,0
2019,Jun,1HI0,History,11 2Q 33,168,141,128,115,100,86,72,52,32,12,0
2019,Jun,1HI0,History,11 2R 30,168,143,130,117,103,89,75,54,34,14,0
2019,Jun,1HI0,History,11 2R 31,168,142,129,116,102,88,74,53,33,13,0
2019,Jun,1HI0,History,11 2R 33,168,141,128,115,101,87,73,53,33,13,0
2019,Jun,1HI0,History,11 2T 31,168,140,127,114,100,87,74,53,33,13,0
2019,Jun,1HI0,History,11 2T 33,168,139,126,113,99,86,73,53,33,13,0
2019,Jun,1HI0,History,11 2U 30,168,141,128,115,102,89,76,55,34,14,0
2019,Jun,1HI0,History,11 2U 31,168,140,127,114,101,88,75,54,33,13,0
2019,Jun,1HI0,History,11 2V 31,168,140,127,114,100,87,74,53,33,13,0
2019,Jun,1HI0,History,11 2W 31,168,140,127,114,100,87,74,53,33,13,0
2019,Jun,1HI0,History,11 2W 32,168,141,128,115,101,87,74,54,34,14,0
2019,Jun,1HI0,History,11 2W 33,168,139,126,113,99,86,73,53,33,13,0
2019,Jun,1HI0,History,12 2A 33,168,141,128,115,101,88,75,54,33,13,0
2019,Jun,1HI0,History,12 2B 31,168,142,129,116,102,89,76,55,34,13,0
2019,Jun,1HI0,History,12 2D 33,168,138,125,112,98,84,70,51,32,13,0
2019,Jun,1HI0,History,12 2E 30,168,138,125,112,98,85,72,52,32,13,0
2019,Jun,1HI0,History,12 2E 31,168,137,124,111,97,84,71,51,31,12,0
2019,Jun,1HI0,History,12 2F 31,168,137,124,111,97,84,71,51,32,13,0
2019,Jun,1HI0,History,12 2G 31,168,136,123,110,97,84,71,51,32,13,0
2019,Jun,1HI0,History,12 2H 31,168,136,123,110,97,84,71,51,32,13,0
2019,Jun,1HI0,History,12 2J 31,168,136,123,110,97,84,71,51,32,13,0
2019,Jun,1HI0,History,12 2J 33,168,135,122,109,96,83,70,51,32,13,0
2019,Jun,1HI0,History,12 2K 31,168,139,126,113,99,85,72,52,32,12,0
2019,Jun,1HI0,History,12 2L 31,168,137,124,111,97,84,71,51,31,12,0
2019,Jun,1HI0,History,12 2L 33,168,136,123,110,96,83,70,50,31,12,0
2019,Jun,1HI0,History,12 2M 31,168,134,121,108,95,82,70,50,31,12,0
2019,Jun,1HI0,History,12 2M 33,168,133,120,107,94,81,69,50,31,12,0
2019,Jun,1HI0,History,12 2N 30,168,143,130,117,103,89,75,54,34,14,0
2019,Jun,1HI0,History,12 2N 31,168,140,128,116,102,88,74,53,33,13,0
2019,Jun,1HI0,History,12 2N 32,168,143,130,117,102,88,74,54,34,14,0
2019,Jun,1HI0,History,12 2N 33,168,141,128,115,101,87,73,53,33,13,0
2019,Jun,1HI0,History,12 2P 30,168,142,129,116,102,89,76,55,34,13,0
2019,Jun,1HI0,History,12 2P 31,168,141,128,115,101,88,75,54,33,12,0
2019,Jun,1HI0,History,12 2P 33,168,140,127,114,100,87,74,53,32,12,0
2019,Jun,1HI0,History,12 2Q 30,168,143,130,117,103,89,75,54,33,13,0
2019,Jun,1HI0,History,12 2Q 31,168,142,129,116,102,88,74,53,32,12,0
2019,Jun,1HI0,History,12 2Q 33,168,141,128,115,101,87,73,52,32,12,0
2019,Jun,1HI0,History,12 2R 30,168,143,130,117,103,89,76,55,34,14,0
2019,Jun,1HI0,History,12 2R 31,168,138,127,116,102,88,75,54,33,13,0
2019,Jun,1HI0,History,12 2R 33,168,141,128,115,101,87,74,53,33,13,0
2019,Jun,1HI0,History,12 2T 31,168,140,127,114,101,88,75,54,33,13,0
2019,Jun,1HI0,History,12 2U 31,168,140,127,114,101,88,76,55,34,13,0
2019,Jun,1HI0,History,12 2U 32,168,141,128,115,102,89,76,55,34,14,0
2019,Jun,1HI0,History,12 2U 33,168,139,126,113,100,87,75,54,33,13,0
2019,Jun,1HI0,History,12 2V 31,168,140,127,114,101,88,75,54,33,13,0
2019,Jun,1IN0,Italian (Foundation),1F 2F 3F 4F,280,,,,,211,165,119,74,29,0
2019,Jun,1IN0,Italian (Higher),1H 2H 3H 4H,280,253,223,193,167,142,117,104,,,0
2019,Jun,1JA0,Japanese (Foundation),1F 2F 3F 4F,280,,,,,208,168,128,89,50,0
2019,Jun,1JA0,Japanese (Higher),1H 2H 3H 4H,280,239,209,179,149,119,89,74,,,0
2019,Jun,1MA1,Mathematics (Foundation),1F 2F 3F,240,,,,,184,149,111,73,36,0
2019,Jun,1MA1,Mathematics (Higher),1H 2H 3H,240,198,167,137,108,80,52,38,,,0
2019,Jun,1MU0,Music,01 02 03,200,169,158,148,136,124,112,87,62,38,0
2019,Jun,1MU0,Music,01 02T 03,200,169,158,148,136,124,112,87,62,38,0
2019,Jun,1MU0,Music,01T 02 03,200,169,158,148,136,124,112,87,62,38,0
2019,Jun,1MU0,Music,01T 02T 03,200,169,158,148,136,124,112,87,62,38,0
2019,Jun,1PE0,Physical Education,01 02 03 04,350,268,252,236,214,192,171,129,88,47,0
2019,Jun,1PE0,Physical Education,01 02 03 04T,350,268,252,236,214,192,171,129,88,47,0
2019,Jun,1PE0,Physical Education,01 02 03T 04,350,268,252,236,214,192,171,129,88,47,0
2019,Jun,1PE0,Physical Education,01 02 03T 04T,350,268,252,236,214,192,171,129,88,47,0
2019,Jun,1PH0,Physics (Foundation),1F 2F,200,,,,,130,106,78,51,24,0
2019,Jun,1PH0,Physics (Higher),1H 2H,200,154,137,121,98,75,53,42,,,0
2019,Jun,1PS0,Psychology,01 02,180,121,108,96,84,73,62,46,30,14,0
2019,Jun,1PY0,Art & Design: Photography,01 02,180,147,134,122,105,89,73,52,31,10,0
2019,Jun,1PY0,Art & Design: Photography,01T 02,180,147,134,122,105,89,73,52,31,10,0
2019,Jun,1RA0,Religious Studies A,1A 2C 3A,204,135,124,113,100,87,74,53,33,13,0
2019,Jun,1RA0,Religious Studies A,1A 2C 4A,204,140,129,118,106,94,83,61,39,17,0
2019,Jun,1RA0,Religious Studies A,1A 2F 3A,204,131,120,109,96,83,70,51,32,13,0
2019,Jun,1RA0,Religious Studies A,1A 2F 4A,204,133,123,114,102,90,79,58,37,17,0
2019,Jun,1RA0,Religious Studies A,1B 2C 3B,204,140,129,118,103,89,75,54,33,12,0
2019,Jun,1RA0,Religious Studies A,1B 2C 4A,204,142,131,120,107,94,81,59,37,15,0
2019,Jun,1RA0,Religious Studies A,1B 2D 3B,204,138,127,116,101,87,73,52,32,12,0
2019,Jun,1RA0,Religious Studies A,1B 2D 4A,204,140,129,118,105,92,79,57,36,15,0
2019,Jun,1RA0,Religious Studies A,1B 2E 4A,204,140,129,118,105,92,79,57,36,15,0
2019,Jun,1RA0,Religious Studies A,1B 2F 3B,204,136,125,114,99,85,71,51,31,12,0
2019,Jun,1RA0,Religious Studies A,1B 2F 4A,204,138,127,116,103,90,77,56,35,15,0
2019,Jun,1RA0,Religious Studies A,1C 2A 3C,204,153,142,131,116,101,87,65,44,23,0
2019,Jun,1RA0,Religious Studies A,1C 2B 3C,204,154,143,132,117,103,89,67,45,23,0
2019,Jun,1RA0,Religious Studies A,1C 2B 4B,204,150,139,128,113,99,85,63,41,20,0
2019,Jun,1RA0,Religious Studies A,1C 2D 3C,204,152,141,130,115,101,87,65,44,23,0
2019,Jun,1RA0,Religious Studies A,1C 2F 3C,204,150,139,128,113,99,85,64,43,23,0
2019,Jun,1RA0,Religious Studies A,1C 2F 4B,204,146,135,124,109,95,81,60,40,20,0
2019,Jun,1RB0,Religious Studies B,1A 2C,204,129,118,108,96,84,73,52,31,10,0
2019,Jun,1RB0,Religious Studies B,1A 2F,204,131,120,110,99,88,77,55,34,13,0
2019,Jun,1RB0,Religious Studies B,1A 3E,204,127,116,106,94,82,71,51,31,12,0
2019,Jun,1RB0,Religious Studies B,1B 2C,204,138,127,117,104,92,80,59,38,18,0
2019,Jun,1RB0,Religious Studies B,1B 2D,204,141,130,120,106,92,78,58,38,18,0
2019,Jun,1RB0,Religious Studies B,1B 2E,204,137,126,116,103,90,78,58,39,20,0
2019,Jun,1RB0,Religious Studies B,1B 2F,204,139,129,119,107,95,84,63,42,21,0
2019,Jun,1RB0,Religious Studies B,1B 2G,204,140,129,119,105,92,79,59,39,19,0
2019,Jun,1RB0,Religious Studies B,1B 3C,204,140,129,119,105,91,77,57,38,19,0
2019,Jun,1RB0,Religious Studies B,1B 3F,204,138,127,117,104,91,78,57,37,17,0
2019,Jun,1RB0,Religious Studies B,1B 3G,204,142,131,121,109,97,85,63,41,19,0
2019,Jun,1RB0,Religious Studies B,1C 2A,204,138,127,117,106,95,84,62,40,19,0
2019,Jun,1RB0,Religious Studies B,1C 2B,204,142,133,124,111,98,86,64,42,20,0
2019,Jun,1RB0,Religious Studies B,1C 3B,204,150,138,126,113,101,89,66,43,20,0
2019,Jun,1RB0,Religious Studies B,1D 2B,204,150,139,129,114,100,86,66,46,26,0
2019,Jun,1RB0,Religious Studies B,1D 3B,204,152,141,131,117,103,89,68,47,26,0
2019,Jun,1RB0,Religious Studies B,1E 2B,204,146,135,125,112,100,88,65,42,19,0
2019,Jun,1RB0,Religious Studies B,1E 3G,204,144,133,123,111,100,89,65,41,17,0
2019,Jun,1RB0,Religious Studies B,1F 2B,204,143,132,122,109,96,83,61,40,19,0
2019,Jun,1RB0,Religious Studies B,1F 3B,204,145,134,124,111,98,86,63,41,19,0
2019,Jun,1RB0,Religious Studies B,1G 2B,204,147,136,126,113,101,89,65,41,18,0
2019,Jun,1RB0,Religious Studies B,1G 2C,204,141,130,120,108,96,85,61,38,15,0
2019,Jun,1RB0,Religious Studies B,1G 3B,204,149,138,128,116,104,92,67,42,18,0
2019,Jun,1RB0,Religious Studies B,2B 3C,204,141,130,120,105,91,77,57,37,18,0
2019,Jun,1RB0,Religious Studies B,2B 3G,204,143,132,122,109,97,85,62,40,18,0
2019,Jun,1RB0,Religious Studies B,2C 3B,204,141,130,120,107,95,83,61,39,17,0
2019,Jun,1RB0,Religious Studies B,2D 3B,204,144,133,123,109,95,81,59,38,17,0
2019,Jun,1RB0,Religious Studies B,2F 3B,204,143,132,122,110,98,87,64,42,20,0
2019,Jun,1RU0,Russian (Foundation),1F 2F 3F 4F,280,,,,,160,127,94,61,28,0
2019,Jun,1RU0,Russian (Higher),1H 2H 3H 4H,280,229,192,156,135,114,93,82,,,0
2019,Jun,1SP0,Spanish (Foundation),1F 2F 3F 4F,280,,,,,184,155,114,73,33,0
2019,Jun,1SP0,Spanish (Foundation),1F 2FT 3F 4F,280,,,,,184,155,114,73,33,0
2019,Jun,1SP0,Spanish (Higher),1H 2H 3H 4H,280,221,188,156,134,113,92,81,,,0
2019,Jun,1SP0,Spanish (Higher),1H 2HT 3H 4H,280,221,188,156,134,113,92,81,,,0
2019,Jun,1ST0,Statistics (Foundation),1F 2F,160,,,,,95,77,57,37,17,0
2019,Jun,1ST0,Statistics (Higher),1H 2H,160,122,105,88,68,49,30,20,,,0
2019,Jun,1TD0,Art & Design: 3D Design,01 02,180,147,134,122,105,89,73,52,31,10,0
2019,Jun,1TD0,Art & Design: 3D Design,01T 02,180,147,134,122,105,89,73,52,31,10,0
2019,Jun,1TE0,Art & Design: Textile Design,01 02,180,147,134,122,105,89,73,52,31,10,0
2019,Jun,1TE0,Art & Design: Textile Design,01T 02,180,147,134,122,105,89,73,52,31,10,0
2019,Jun,1UR0,Urdu (Foundation),1F 2F 3F 4F,280,,,,,209,187,135,83,31,0
2019,Jun,1UR0,Urdu (Higher),1H 2H 3H 4H,280,260,244,228,205,182,160,149,,,0
2019,Jun,3PE0,Physical Education (Short Course),01 02,175,140,128,116,103,91,79,60,41,22,0
2019,Jun,3PE0,Physical Education (Short Course),01 02T,175,140,128,116,103,91,79,60,41,22,0
2019,Jun,3RA0,Religious Studies A (Short Course),01 03,102,68,62,56,51,46,41,29,18,7,0
2019,Jun,3RA0,Religious Studies A (Short Course),01 04,102,69,63,57,51,45,40,29,18,7,0
2019,Jun,3RA0,Religious Studies A (Short Course),02 03,102,69,63,57,51,45,40,29,18,8,0
2019,Jun,3RA0,Religious Studies A (Short Course),02 04,102,72,65,58,51,45,39,28,18,8,0
2019,Jun,3RB0,Religious Studies B (Short Course),1A 2C,102,64,59,54,49,44,40,29,18,7,0
2019,Jun,3RB0,Religious Studies B (Short Course),1A 2F,102,68,63,58,53,48,44,32,20,9,0
2019,Jun,3RB0,Religious Studies B (Short Course),1B 2C,102,68,63,58,52,46,41,30,19,8,0
2019,Jun,3RB0,Religious Studies B (Short Course),1B 2D,102,71,66,61,55,49,43,32,21,10,0
2019,Jun,3RB0,Religious Studies B (Short Course),1B 2E,102,70,65,60,54,48,42,31,20,9,0
2019,Jun,3RB0,Religious Studies B (Short Course),1B 2F,102,72,67,62,56,50,45,33,21,10,0
2019,Jun,3RB0,Religious Studies B (Short Course),1B 2G,102,68,63,58,52,46,41,30,19,9,0
2019,Jun,3RB0,Religious Studies B (Short Course),1C 2B,102,69,64,59,54,50,46,35,24,13,0
2019,Jun,3RB0,Religious Studies B (Short Course),1D 2E,102,66,61,56,51,46,41,30,19,8,0
2019,Jun,3RB0,Religious Studies B (Short Course),1E 2B,102,66,61,56,50,45,40,29,18,8,0
2019,Jun,3RB0,Religious Studies B (Short Course),1F 2B,102,72,67,62,56,50,45,32,20,8,0
2019,Jun,3RB0,Religious Studies B (Short Course),1G 2B,102,68,63,58,53,48,44,32,20,9,0
2020,Nov,1AA0,Arabic (Foundation),1F 3F 4F,180,,,,,72,51,39,28,17,0
2020,Nov,1AA0,Arabic (Higher),1H 3H 4H,180,145,118,92,75,59,43,35,,,0
2020,Nov,1AD0,"Art, Craft & Design",,72,57,51,45,37,29,21,15,9,4,0
2020,Nov,1AS0,Astronomy,,200,142,124,106,89,72,55,41,28,15,0
2020,Nov,1BH0,Biblical Hebrew,,200,157,133,110,92,74,57,49,41,33,0
2020,Nov,1BI0,Biology (Foundation),1F 2F,200,,,,,97,69,49,29,10,0
2020,Nov,1BI0,Biology (Higher),1H 2H,200,152,132,113,89,65,41,29,,,0
2020,Nov,1BS0,Business,,180,130,118,107,92,77,63,45,27,9,0
2020,Nov,1CH0,Chemistry (Foundation),1F 2F,200,,,,,98,69,49,29,10,0
2020,Nov,1CH0,Chemistry (Higher),1H 2H,200,155,134,113,86,60,34,21,,,0
2020,Nov,1CN0,Chinese (Foundation),1F 3F 4F,180,,,,,66,54,43,32,22,0
2020,Nov,1CN0,Chinese (Higher),1H 3H 4H,180,121,93,65,55,46,37,32,,,0
2020,Nov,1CP1,Computer Science,,160,98,84,70,57,44,31,22,13,5,0
2020,Nov,1CS0,Citizenship Studies,,160,121,108,96,80,65,50,35,21,7,0
2020,Nov,1DR0,Drama,,96,69,64,59,51,43,35,26,17,8,0
2020,Nov,1DT0,Design and Technology,1B,100,55,50,45,37,30,23,17,11,5,0
2020,Nov,1DT0,Design and Technology,1C,100,58,51,44,37,30,23,17,11,5,0
2020,Nov,1DT0,Design and Technology,1D,100,59,52,46,38,31,24,17,11,5,0
2020,Nov,1DT0,Design and Technology,1E,100,59,52,45,37,30,23,17,11,5,0
2020,Nov,1DT0,Design and Technology,1F,100,58,51,44,36,28,21,15,10,5,0
2020,Nov,1EN0,English Language,01 02,160,132,121,111,99,87,75,53,31,10,0
2020,Nov,1ET0,English Literature,,160,129,117,106,91,77,63,45,27,9,0
2020,Nov,1FA0,Art & Design: Fine Art,,72,57,51,45,37,29,21,15,9,4,0
2020,Nov,1FR0,French (Foundation),1F 3F 4F,180,,,,,109,89,66,43,20,0
2020,Nov,1FR0,French (Higher),1H 3H 4H,180,133,115,98,83,68,53,45,,,0
2020,Nov,1GA0,Geography A,,256,192,175,158,135,113,91,65,40,15,0
2020,Nov,1GB0,Geography B,,256,191,172,154,130,107,84,60,36,13,0
2020,Nov,1GK0,Greek (Higher),1H 3H 4H,180,150,132,115,102,90,78,72,,,0
2020,Nov,1GN0,German (Foundation),1F 3F 4F,180,,,,,89,69,53,37,21,0
2020,Nov,1GN0,German (Higher),1H 3H 4H,180,117,97,77,62,47,33,26,,,0
2020,Nov,1GU0,Gujarati,1H 3H 4H,180,141,120,99,83,67,51,43,,,0
2020,Nov,1HI0,History,10 2A 30,168,139,124,109,92,76,60,43,26,10,0
2020,Nov,1HI0,History,10 2H 31,168,129,115,102,86,70,54,39,24,10,0
2020,Nov,1HI0,History,10 2J 31,168,129,115,102,86,70,54,39,24,10,0
2020,Nov,1HI0,History,10 2K 30,168,135,120,106,89,72,56,40,25,10,0
2020,Nov,1HI0,History,10 2K 33,168,132,118,104,87,70,54,39,24,10,0
2020,Nov,1HI0,History,10 2L 31,168,131,117,103,86,70,54,39,24,10,0
2020,Nov,1HI0,History,10 2M 30,168,128,114,100,84,69,54,39,24,10,0
2020,Nov,1HI0,History,10 2M 31,168,126,112,99,83,68,53,38,24,10,0
2020,Nov,1HI0,History,10 2M 33,168,125,111,98,82,67,52,38,24,10,0
2020,Nov,1HI0,History,10 2N 31,168,137,122,108,91,74,57,41,25,10,0
2020,Nov,1HI0,History,10 2N 33,168,136,121,107,90,73,56,40,25,10,0
2020,Nov,1HI0,History,10 2P 33,168,135,120,106,89,73,57,41,25,10,0
2020,Nov,1HI0,History,10 2Q 31,168,137,122,108,91,74,57,41,25,10,0
2020,Nov,1HI0,History,10 2Q 33,168,136,121,107,90,73,56,40,25,10,0
2020,Nov,1HI0,History,10 2R 30,168,139,124,109,92,75,59,42,26,10,0
2020,Nov,1HI0,History,10 2R 31,168,137,122,108,91,74,58,42,26,10,0
2020,Nov,1HI0,History,10 2R 33,168,136,121,107,90,73,57,41,25,10,0
2020,Nov,1HI0,History,11 2E 31,168,133,119,105,88,72,56,40,25,10,0
2020,Nov,1HI0,History,11 2J 31,168,131,117,104,88,72,56,40,25,10,0
2020,Nov,1HI0,History,11 2J 33,168,130,116,103,87,71,55,40,25,10,0
2020,Nov,1HI0,History,11 2K 31,168,135,121,107,90,73,57,41,25,10,0
2020,Nov,1HI0,History,11 2L 31,168,133,119,105,88,72,56,40,25,10,0
2020,Nov,1HI0,History,11 2M 30,168,130,116,102,86,71,56,40,25,10,0
2020,Nov,1HI0,History,11 2M 31,168,128,114,101,85,70,55,40,25,10,0
2020,Nov,1HI0,History,11 2M 33,168,127,113,100,84,69,54,39,24,10,0
2020,Nov,1HI0,History,11 2N 31,168,139,124,110,93,76,59,42,26,10,0
2020,Nov,1HI0,History,11 2N 33,168,138,123,109,92,75,58,42,26,10,0
2020,Nov,1HI0,History,11 2P 31,168,138,123,109,92,76,60,43,26,10,0
2020,Nov,1HI0,History,11 2Q 30,168,141,126,111,94,77,60,43,26,10,0
2020,Nov,1HI0,History,11 2Q 31,168,139,124,110,93,76,59,42,26,10,0
2020,Nov,1HI0,History,11 2Q 33,168,138,123,109,92,75,58,42,26,10,0
2020,Nov,1HI0,History,11 2R 30,168,141,126,111,94,77,61,44,27,10,0
2020,Nov,1HI0,History,11 2R 31,168,139,124,110,93,76,60,43,26,10,0
2020,Nov,1HI0,History,11 2R 33,168,138,123,109,92,75,59,42,26,10,0
2020,Nov,1HI0,History,11 2U 31,168,136,122,108,92,76,61,44,27,10,0
2020,Nov,1HI0,History,11 2W 30,168,138,123,109,93,77,61,44,27,10,0
2020,Nov,1HI0,History,11 2W 31,168,136,122,108,92,76,60,43,26,10,0
2020,Nov,1HI0,History,12 2A 33,168,138,123,109,93,77,61,44,27,10,0
2020,Nov,1HI0,History,12 2D 33,168,134,120,106,89,72,56,40,25,10,0
2020,Nov,1HI0,History,12 2J 31,168,131,117,104,88,72,57,41,25,10,0
2020,Nov,1HI0,History,12 2J 33,168,130,116,103,87,71,56,40,25,10,0
2020,Nov,1HI0,History,12 2N 30,168,141,126,111,94,77,61,44,27,10,0
2020,Nov,1HI0,History,12 2N 31,168,139,124,110,93,76,60,43,26,10,0
2020,Nov,1HI0,History,12 2N 32,168,141,126,111,94,77,60,43,26,10,0
2020,Nov,1HI0,History,12 2N 33,168,138,123,109,92,75,59,42,26,10,0
2020,Nov,1HI0,History,12 2P 30,168,140,125,110,94,78,62,44,27,10,0
2020,Nov,1HI0,History,12 2P 31,168,138,123,109,93,77,61,44,27,10,0
2020,Nov,1HI0,History,12 2Q 31,168,139,124,110,93,76,60,43,26,10,0
2020,Nov,1HI0,History,12 2R 31,168,139,124,110,93,77,61,44,27,10,0
2020,Nov,1IN0,Italian (Foundation),1F 3F 4F,180,,,,,107,95,69,43,18,0
2020,Nov,1IN0,Italian (Higher),1H 3H 4H,180,156,132,109,93,77,62,54,,,0
2020,Nov,1JA0,Japanese (Higher),1H 3H 4H,180,143,122,102,87,73,59,52,,,0
2020,Nov,1MA1,Mathematics (Foundation),1F 2F 3F,240,,,,,165,136,99,63,27,0
2020,Nov,1MA1,Mathematics (Higher),1H 2H 3H,240,189,157,126,96,66,37,22,,,0
2020,Nov,1MU0,Music,,80,50,43,36,29,23,17,13,9,6,0
2020,Nov,1PE0,Physical Education,,210,146,133,121,102,83,65,49,33,18,0
2020,Nov,1PG0,Portuguese,1F 3F 4F,180,93,77,61,45,30,,,,,0
2020,Nov,1PG0,Portuguese,1H 3H 4H,180,141,120,99,83,67,51,43,,,0
2020,Nov,1PH0,Physics (Foundation),1F 2F,200,,,,,113,83,58,34,10,0
2020,Nov,1PH0,Physics (Higher),1H 2H,200,149,130,111,86,61,36,23,,,0
2020,Nov,1PN0,Persian,1H 3H 4H,180,140,119,99,83,67,51,43,,,0
2020,Nov,1PS0,Psychology,,180,112,99,87,74,61,48,34,20,7,0
2020,Nov,1RA0,Religious Studies A,1A 2C 3A,204,130,119,109,94,79,64,46,28,10,0
2020,Nov,1RA0,Religious Studies A,1A 2F 3A,204,125,115,105,90,75,60,43,26,10,0
2020,Nov,1RA0,Religious Studies A,1A 2F 4A,204,131,120,110,96,82,69,49,30,11,0
2020,Nov,1RA0,Religious Studies A,1B 2F 4A,204,133,122,112,97,82,67,48,29,10,0
2020,Nov,1RA0,Religious Studies A,1B 2G 3B,204,135,124,114,97,81,65,46,28,10,0
2020,Nov,1RA0,Religious Studies A,1C 2B 4B,204,148,136,124,107,91,75,54,34,14,0
2020,Nov,1RA0,Religious Studies A,1C 2F 3C,204,147,135,124,107,91,75,55,36,17,0
2020,Nov,1RB0,Religious Studies B,1A 2C,204,123,113,104,89,75,61,44,27,10,0
2020,Nov,1RB0,Religious Studies B,1A 2F,204,126,116,106,92,78,65,47,29,12,0
2020,Nov,1RB0,Religious Studies B,1B 2C,204,134,123,113,98,83,68,48,29,10,0
2020,Nov,1RB0,Religious Studies B,1B 2D,204,138,127,116,99,82,66,47,28,10,0
2020,Nov,1RB0,Religious Studies B,1B 2F,204,137,126,115,100,86,72,52,32,12,0
2020,Nov,1RB0,Religious Studies B,1B 3C,204,137,126,115,98,81,65,46,28,10,0
2020,Nov,1RB0,Religious Studies B,1B 3G,204,139,128,117,102,87,73,52,31,10,0
2020,Nov,1RB0,Religious Studies B,1C 2B,204,142,131,120,104,89,74,53,32,11,0
2020,Nov,1RB0,Religious Studies B,1E 2B,204,143,132,121,106,91,76,54,32,10,0
2020,Nov,1RB0,Religious Studies B,2C 3B,204,137,126,116,101,86,71,50,30,10,0
2020,Nov,1RB0,Religious Studies B,2D 3B,204,141,130,119,102,85,69,49,29,10,0
2020,Nov,1RU0,Russian (Foundation),1F 3F 4F,180,,,,,114,65,47,30,13,0
2020,Nov,1RU0,Russian (Higher),1H 3H 4H,180,143,119,95,80,65,51,44,,,0
2020,Nov,1SP0,Spanish (Foundation),1F 3F 4F,180,,,,,106,87,64,42,20,0
2020,Nov,1SP0,Spanish (Higher),1H 3H 4H,180,129,107,86,72,59,46,39,,,0
2020,Nov,1ST0,Statistics (Foundation),1F 2F,160,,,,,82,62,44,26,9,0
2020,Nov,1ST0,Statistics (Higher),1H 2H,160,114,95,76,57,39,21,12,,,0
2020,Nov,1TU0,Turkish,1F 3F 4F,180,93,77,61,45,30,,,,,0
2020,Nov,1TU0,Turkish,1H 3H 4H,180,141,120,99,83,67,51,43,,,0
2020,Nov,1UR0,Urdu (Foundation),1F 3F 4F,180,,,,,115,82,61,41,21,0
2020,Nov,1UR0,Urdu (Higher),1H 3H 4H,180,160,146,133,109,85,61,49,,,0
2020,Nov,3PE0,Physical Education (Short Course),,105,75,64,54,43,32,22,16,10,4,0
2020,Nov,3RA0,Religious Studies A (Short Course),01 04,102,64,57,50,42,34,26,19,13,7,0
2020,Nov,3RB0,Religious Studies B (Short Course),1B 2C,102,63,57,51,43,35,27,20,13,6,0
2020,Nov,3RB0,Religious Studies B (Short Course),1B 2D,102,66,60,54,45,37,29,22,15,8,0
2020,Nov,3RB0,Religious Studies B (Short Course),1B 2F,102,67,61,55,47,39,31,23,15,8,0
2020,Nov,3RB0,Religious Studies B (Short Course),1C 2B,102,64,58,52,45,38,32,24,17,10,0
2020,Nov,3RB0,Religious Studies B (Short Course),1E 2B,102,61,55,49,41,33,26,20,14,8,0
2020,Nov,3RB0,Religious Studies B (Short Course),1G 2B,102,61,55,49,42,35,28,21,15,9,0
2021,Nov,1AA0,Arabic (Foundation),1F 3F 4F,180,,,,,63,51,39,28,17,0
2021,Nov,1AA0,Arabic (Higher),1H 3H 4H,180,144,116,89,73,58,43,35,,,0
2021,Nov,1AD0,"Art, Craft & Design",,72,57,51,45,37,30,23,16,10,4,0
2021,Nov,1AS0,Astronomy,,200,134,119,104,86,69,52,39,26,14,0
2021,Nov,1BI0,Biology (Foundation),1F 2F,200,,,,,92,72,52,33,14,0
2021,Nov,1BI0,Biology (Higher),1H 2H,200,150,130,110,87,65,43,32,,,0
2021,Nov,1BS0,Business,,180,126,114,103,89,75,62,44,26,9,0
2021,Nov,1CH0,Chemistry (Foundation),1F 2F,200,,,,,95,75,55,35,15,0
2021,Nov,1CH0,Chemistry (Higher),1H 2H,200,154,132,111,87,63,39,27,,,0
2021,Nov,1CN0,Chinese (Higher),1H 3H 4H,180,121,93,66,57,48,39,34,,,0
2021,Nov,1CP1,Computer Science,,160,96,80,64,52,40,29,21,13,5,0
2021,Nov,1CS0,Citizenship Studies,,160,118,105,93,78,64,50,36,22,8,0
2021,Nov,1DR0,Drama,,96,69,64,59,51,44,37,27,17,8,0
2021,Nov,1DT0,Design and Technology,1D,100,59,52,46,40,34,28,20,12,5,0
2021,Nov,1DT0,Design and Technology,1E,100,58,51,44,38,32,27,20,13,6,0
2021,Nov,1DT0,Design and Technology,1F,100,56,49,42,35,28,22,16,10,5,0
2021,Nov,1EN0,English Language,01 02,160,130,119,109,97,85,74,52,31,10,0
2021,Nov,1ET0,English Literature,01 2N,120,97,87,78,67,57,47,35,23,11,0
2021,Nov,1ET0,English Literature,01 2P,120,97,87,78,67,57,47,35,23,11,0
2021,Nov,1FR0,French (Foundation),1F 3F 4F,180,,,,,108,86,64,42,20,0
2021,Nov,1FR0,French (Higher),1H 3H 4H,180,132,113,95,80,66,52,45,,,0
2021,Nov,1GA0,Geography A,,236,174,158,142,122,103,84,60,37,14,0
2021,Nov,1GB0,Geography B,,236,173,155,138,117,96,76,54,33,12,0
2021,Nov,1GK0,Greek (Higher),1H 3H 4H,180,144,128,112,100,89,78,72,,,0
2021,Nov,1GN0,German (Foundation),1F 3F 4F,180,,,,,85,69,53,37,21,0
2021,Nov,1GN0,German (Higher),1H 3H 4H,180,115,94,73,59,46,33,26,,,0
2021,Nov,1GU0,Gujarati,1H 3H 4H,180,135,114,94,80,66,52,45,,,0
2021,Nov,1HIA,History A,B1 10 31,132,105,93,81,69,58,47,34,21,9,0
2021,Nov,1HIA,History A,B1 11 30,132,108,96,84,71,59,47,34,21,9,0
2021,Nov,1HIA,History A,B1 11 31,132,107,95,83,71,59,48,35,22,9,0
2021,Nov,1HIA,History A,B3 10 30,132,105,93,82,70,58,46,33,21,9,0
2021,Nov,1HIA,History A,B3 11 30,132,107,95,84,71,59,47,34,21,9,0
2021,Nov,1HIA,History A,B3 11 31,132,106,94,83,71,59,48,35,22,9,0
2021,Nov,1HIA,History A,B4 10 31,132,105,93,81,69,58,47,34,21,9,0
2021,Nov,1HIA,History A,B4 10 33,132,104,92,80,68,57,46,33,21,9,0
2021,Nov,1HIA,History A,B4 11 31,132,107,95,83,71,59,48,35,22,9,0
2021,Nov,1HIA,History A,B4 11 33,132,106,94,82,70,58,47,34,21,9,0
2021,Nov,1HIA,History A,P3 11 31,132,106,94,83,71,60,49,35,22,9,0
2021,Nov,1HIA,History A,P4 10 31,132,106,94,82,71,60,49,35,22,9,0
2021,Nov,1HIA,History A,P4 10 33,132,105,93,81,70,59,48,35,22,9,0
2021,Nov,1HIA,History A,P4 11 30,132,109,97,85,73,61,49,35,22,9,0
2021,Nov,1HIA,History A,P4 11 31,132,108,96,84,72,61,50,36,22,9,0
2021,Nov,1HIA,History A,P4 12 31,132,108,96,84,73,62,51,37,23,9,0
2021,Nov,1HIB,History B,B1 P3 31,116,91,81,72,61,50,40,29,18,7,0
2021,Nov,1HIB,History B,B2 P4 33,116,92,82,73,62,51,40,29,18,7,0
2021,Nov,1HIB,History B,B3 P4 30,116,93,83,74,62,51,40,29,18,7,0
2021,Nov,1HIB,History B,B4 P3 31,116,91,81,72,61,50,40,29,18,7,0
2021,Nov,1HIB,History B,B4 P4 30,116,94,84,74,62,51,40,29,18,7,0
2021,Nov,1HIB,History B,B4 P4 31,116,93,83,73,62,51,41,29,18,7,0
2021,Nov,1HIB,History B,B4 P4 33,116,92,82,72,61,50,40,29,18,7,0
2021,Nov,1IN0,Italian (Higher),1H 3H 4H,180,145,125,106,92,78,64,57,,,0
2021,Nov,1JA0,Japanese (Higher),1H 3H 4H,180,137,118,99,86,73,60,53,,,0
2021,Nov,1MA1,Mathematics (Foundation),1F 2F 3F,240,,,,,166,134,100,66,32,0
2021,Nov,1MA1,Mathematics (Higher),1H 2H 3H,240,187,154,122,93,65,37,23,,,0
2021,Nov,1MU0,Music,,80,49,42,35,29,23,18,14,10,6,0
2021,Nov,1PE0,Physical Education,,210,142,128,115,97,80,63,46,30,14,0
2021,Nov,1PG0,Portuguese,1H 3H 4H,180,135,114,94,80,66,52,45,,,0
2021,Nov,1PH0,Physics (Foundation),1F 2F,200,,,,,110,85,60,35,10,0
2021,Nov,1PH0,Physics (Higher),1H 2H,200,149,128,108,85,62,39,27,,,0
2021,Nov,1PN0,Persian,1H 3H 4H,180,135,114,94,80,66,52,45,,,0
2021,Nov,1PS0,Psychology,,180,108,95,83,71,60,49,36,23,11,0
2021,Nov,1RA0,Religious Studies A,1A 2F 3A,204,125,113,102,88,74,60,43,27,11,0
2021,Nov,1RB0,Religious Studies B,1B 2C,204,132,121,111,96,82,68,50,32,15,0
2021,Nov,1RB0,Religious Studies B,1B 2F,204,135,124,113,99,85,72,54,36,18,0
2021,Nov,1RB0,Religious Studies B,1C 2B,204,140,129,118,103,88,74,55,36,17,0
2021,Nov,1RB0,Religious Studies B,1D 2B,204,146,134,123,106,90,74,56,39,22,0
2021,Nov,1RU0,Russian (Foundation),1F 3F 4F,180,,,,,81,65,49,34,19,0
2021,Nov,1RU0,Russian (Higher),1H 3H 4H,180,137,114,92,78,64,51,44,,,0
2021,Nov,1SP0,Spanish (Foundation),1F 3F 4F,180,,,,,106,84,62,41,20,0
2021,Nov,1SP0,Spanish (Higher),1H 3H 4H,180,126,105,84,70,57,44,37,,,0
2021,Nov,1ST0,Statistics (Foundation),1F 2F,160,,,,,82,65,48,31,14,0
2021,Nov,1ST0,Statistics (Higher),1H 2H,160,108,89,70,54,38,23,15,,,0
2021,Nov,1TU0,Turkish,1F 3F 4F,180,93,77,61,45,30,,,,,0
2021,Nov,1TU0,Turkish,1H 3H 4H,180,135,114,94,80,66,52,45,,,0
2021,Nov,1UR0,Urdu (Foundation),1F 3F 4F,180,,,,,103,82,61,41,21,0
2021,Nov,1UR0,Urdu (Higher),1H 3H 4H,180,154,142,130,107,84,62,51,,,0
2021,Nov,3RB0,Religious Studies B (Short Course),1B 2C,102,62,56,50,42,34,27,20,13,6,0
2021,Nov,3RB0,Religious Studies B (Short Course),1C 2B,102,63,57,51,44,38,32,24,17,10,0
2021,Nov,3RB0,Religious Studies B (Short Course),1G 2B,102,62,56,50,43,36,30,22,15,8,0
2022,Jun,1AA0,Arabic (Foundation),1F 2F 3F 4F,280,,,,,142,101,82,64,46,0
2022,Jun,1AA0,Arabic (Higher),1H 2H 3H 4H,280,228,200,173,144,115,87,73,,,0
2022,Jun,1AD0,"Art, Craft & Design",,72,59,53,48,41,34,27,19,11,4,0
2022,Jun,1AS0,Astronomy,,200,143,132,122,108,95,82,62,43,24,0
2022,Jun,1BH0,Biblical Hebrew,,200,155,139,123,107,91,75,61,47,33,0
2022,Jun,1BI0,Biology (Foundation),1F 2F,200,,,,,115,95,69,43,17,0
2022,Jun,1BI0,Biology (Higher),1H 2H,200,165,147,130,107,85,63,52,,,0
2022,Jun,1BS0,Business,,180,136,125,114,100,86,72,52,32,12,0
2022,Jun,1CH0,Chemistry (Foundation),1F 2F,200,,,,,110,87,63,40,17,0
2022,Jun,1CH0,Chemistry (Higher),1H 2H,200,146,125,105,83,62,41,30,,,0
2022,Jun,1CN0,Chinese (Foundation),1F 2F 3F 4F,280,,,,,180,144,108,72,36,0
2022,Jun,1CN0,Chinese (Higher),1H 2H 3H 4H,280,216,185,154,123,92,62,47,,,0
2022,Jun,1CP2,Computer Science,,150,123,107,92,76,60,45,32,19,7,0
2022,Jun,1CS0,Citizenship Studies,,160,117,105,94,79,64,50,35,21,7,0
2022,Jun,1DR0,Drama,01 02 03,150,118,110,103,92,81,71,53,35,18,0
2022,Jun,1DR0,Drama,01T 02 03,150,118,110,103,92,81,71,53,35,18,0
2022,Jun,1DR0,Drama,01T 02T 03,150,118,110,103,92,81,71,53,35,18,0
2022,Jun,1DT0,Design and Technology,02 1A,200,143,128,113,97,81,65,47,29,12,0
2022,Jun,1DT0,Design and Technology,02 1B,200,138,125,113,97,81,65,47,29,12,0
2022,Jun,1DT0,Design and Technology,02 1C,200,143,128,113,97,81,65,48,31,15,0
2022,Jun,1DT0,Design and Technology,02 1D,200,143,128,113,97,81,65,48,31,14,0
2022,Jun,1DT0,Design and Technology,02 1E,200,143,128,113,97,81,65,48,31,15,0
2022,Jun,1DT0,Design and Technology,02 1F,200,138,122,107,91,75,59,43,27,12,0
2022,Jun,1DT0,Design and Technology,02T 1B,200,138,125,113,97,81,65,47,29,12,0
2022,Jun,1EN0,English Language,01 02,160,127,117,108,97,87,77,57,38,19,0
2022,Jun,1EN2,English Language 2.0,01 02,160,124,115,106,93,80,68,48,29,10,0
2022,Jun,1ET0,English Literature,01 2N,120,101,92,83,72,61,51,37,24,11,0
2022,Jun,1ET0,English Literature,01 2P,120,101,92,83,72,61,51,37,24,11,0
2022,Jun,1FA0,Art & Design: Fine Art,,72,59,53,48,41,34,27,19,11,4,0
2022,Jun,1FR0,French (Foundation),1F 2F 3F 4F,280,,,,,174,148,108,68,28,0
2022,Jun,1FR0,French (Higher),1H 2H 3H 4H,280,223,196,169,144,120,96,84,,,0
2022,Jun,1GA0,Geography A,,206,158,144,130,113,96,80,57,34,11,0
2022,Jun,1GB0,Geography B,,206,163,148,134,116,98,81,58,35,13,0
2022,Jun,1GC0,Art & Design: Graphic Communication,,72,59,53,48,41,34,27,19,11,4,0
2022,Jun,1GK0,Greek (Foundation),1F 2F 3F 4F,280,,,,,237,189,141,94,47,0
2022,Jun,1GK0,Greek (Higher),1H 2H 3H 4H,280,240,222,204,186,169,152,143,,,0
2022,Jun,1GN0,German (Foundation),1F 2F 3F 4F,280,,,,,171,141,105,70,35,0
2022,Jun,1GN0,German (Higher),1H 2H 3H 4H,280,220,191,163,138,113,88,75,,,0
2022,Jun,1GU0,Gujarati (Foundation),1F 2F 3F 4F,280,,,,,146,117,88,59,30,0
2022,Jun,1GU0,Gujarati (Higher),1H 2H 3H 4H,280,213,193,173,152,131,110,99,,,0
2022,Jun,1HIA,History A,B1 10 30,132,106,96,87,77,67,57,42,27,12,0
2022,Jun,1HIA,History A,B1 10 31,132,108,96,87,76,65,55,39,24,9,0
2022,Jun,1HIA,History A,B1 10 33,132,105,95,85,74,63,53,38,24,10,0
2022,Jun,1HIA,History A,B1 11 30,132,107,98,89,78,68,58,43,28,14,0
2022,Jun,1HIA,History A,B1 11 31,132,109,99,89,78,67,56,41,26,11,0
2022,Jun,1HIA,History A,B1 11 32,132,109,99,90,79,68,58,43,28,14,0
2022,Jun,1HIA,History A,B1 11 33,132,106,96,87,76,65,54,40,26,12,0
2022,Jun,1HIA,History A,B1 12 30,132,108,98,89,78,67,57,42,27,13,0
2022,Jun,1HIA,History A,B1 12 31,132,110,99,89,77,66,55,40,25,10,0
2022,Jun,1HIA,History A,B1 12 33,132,107,97,87,75,64,53,39,25,11,0
2022,Jun,1HIA,History A,B1 13 31,132,109,99,90,78,66,55,40,25,10,0
2022,Jun,1HIA,History A,B2 10 30,132,107,98,89,78,68,58,42,27,12,0
2022,Jun,1HIA,History A,B2 10 31,132,109,99,89,78,67,56,40,24,9,0
2022,Jun,1HIA,History A,B2 10 33,132,106,96,87,76,65,54,39,24,10,0
2022,Jun,1HIA,History A,B2 11 30,132,108,99,91,80,69,59,44,29,14,0
2022,Jun,1HIA,History A,B2 11 31,132,110,100,91,79,68,57,41,26,11,0
2022,Jun,1HIA,History A,B2 11 33,132,107,98,89,77,66,55,40,26,12,0
2022,Jun,1HIA,History A,B2 12 30,132,109,100,91,80,69,58,43,28,13,0
2022,Jun,1HIA,History A,B2 12 31,132,111,101,91,79,67,56,40,25,10,0
2022,Jun,1HIA,History A,B3 10 30,132,107,98,90,78,67,56,41,26,12,0
2022,Jun,1HIA,History A,B3 10 31,132,109,99,90,78,66,54,39,24,9,0
2022,Jun,1HIA,History A,B3 10 33,132,106,97,88,76,64,52,38,24,10,0
2022,Jun,1HIA,History A,B3 11 30,132,108,100,92,80,68,57,42,28,14,0
2022,Jun,1HIA,History A,B3 11 31,132,110,101,92,79,67,55,40,25,11,0
2022,Jun,1HIA,History A,B3 11 32,132,110,101,93,81,69,57,42,28,14,0
2022,Jun,1HIA,History A,B3 11 33,132,107,98,90,77,65,53,39,25,12,0
2022,Jun,1HIA,History A,B3 12 31,132,111,101,92,79,66,54,39,24,10,0
2022,Jun,1HIA,History A,B4 10 30,132,107,97,87,77,67,58,42,27,12,0
2022,Jun,1HIA,History A,B4 10 31,132,109,98,87,76,66,56,40,24,9,0
2022,Jun,1HIA,History A,B4 10 32,132,109,98,88,78,68,58,42,27,12,0
2022,Jun,1HIA,History A,B4 10 33,132,106,95,85,74,64,54,39,24,10,0
2022,Jun,1HIA,History A,B4 11 30,132,108,98,89,79,69,59,44,29,14,0
2022,Jun,1HIA,History A,B4 11 31,132,110,100,89,78,67,57,41,26,11,0
2022,Jun,1HIA,History A,B4 11 32,132,110,100,90,79,69,59,44,29,14,0
2022,Jun,1HIA,History A,B4 11 33,132,107,97,87,76,65,55,40,26,12,0
2022,Jun,1HIA,History A,B4 12 30,132,109,99,89,78,68,58,43,28,13,0
2022,Jun,1HIA,History A,B4 12 31,132,111,100,89,78,67,56,40,25,10,0
2022,Jun,1HIA,History A,B4 12 33,132,108,97,87,76,65,54,39,25,11,0
2022,Jun,1HIA,History A,B4 13 31,132,110,100,90,78,67,56,40,25,10,0
2022,Jun,1HIA,History A,P1 11 31,132,109,98,88,77,66,55,40,25,11,0
2022,Jun,1HIA,History A,P1 11 33,132,106,96,86,75,64,53,39,25,12,0
2022,Jun,1HIA,History A,P1 12 31,132,110,99,88,76,65,54,39,24,10,0
2022,Jun,1HIA,History A,P1 12 33,132,107,96,86,74,63,52,38,24,11,0
2022,Jun,1HIA,History A,P2 10 31,132,109,98,87,76,65,54,39,24,9,0
2022,Jun,1HIA,History A,P2 10 33,132,106,95,85,74,63,52,38,24,10,0
2022,Jun,1HIA,History A,P2 11 31,132,110,99,89,77,66,55,40,25,11,0
2022,Jun,1HIA,History A,P2 12 30,132,109,99,89,78,67,56,41,27,13,0
2022,Jun,1HIA,History A,P2 12 32,132,111,100,90,78,67,56,41,27,13,0
2022,Jun,1HIA,History A,P3 10 30,132,106,96,86,76,66,56,41,26,11,0
2022,Jun,1HIA,History A,P3 10 31,132,108,97,86,75,64,54,38,23,8,0
2022,Jun,1HIA,History A,P3 10 32,132,108,97,87,76,66,56,41,26,11,0
2022,Jun,1HIA,History A,P3 10 33,132,105,94,84,73,62,52,37,23,9,0
2022,Jun,1HIA,History A,P3 11 30,132,107,97,88,77,67,57,42,27,13,0
2022,Jun,1HIA,History A,P3 11 31,132,109,98,88,77,66,55,40,25,10,0
2022,Jun,1HIA,History A,P3 11 32,132,109,99,89,78,67,57,42,27,13,0
2022,Jun,1HIA,History A,P3 11 33,132,106,96,86,75,64,53,39,25,11,0
2022,Jun,1HIA,History A,P3 12 31,132,110,99,88,76,65,54,39,24,9,0
2022,Jun,1HIA,History A,P4 10 30,132,107,97,87,76,65,54,40,26,12,0
2022,Jun,1HIA,History A,P4 10 31,132,109,98,87,75,63,52,37,23,9,0
2022,Jun,1HIA,History A,P4 10 32,132,109,98,88,76,65,54,40,26,12,0
2022,Jun,1HIA,History A,P4 10 33,132,106,95,85,73,61,50,36,23,10,0
2022,Jun,1HIA,History A,P4 11 30,132,108,98,89,77,66,55,41,27,14,0
2022,Jun,1HIA,History A,P4 11 31,132,110,101,89,77,65,53,39,25,11,0
2022,Jun,1HIA,History A,P4 11 32,132,110,100,90,78,66,55,41,27,14,0
2022,Jun,1HIA,History A,P4 11 33,132,107,97,87,75,63,51,38,25,12,0
2022,Jun,1HIA,History A,P4 12 30,132,109,99,89,77,65,54,40,26,13,0
2022,Jun,1HIA,History A,P4 12 31,132,111,100,89,76,64,52,38,24,10,0
2022,Jun,1HIA,History A,P4 13 31,132,110,100,90,77,64,52,38,24,10,0
2022,Jun,1HIA,History A,P5 10 31,132,108,97,86,75,64,54,39,24,9,0
2022,Jun,1HIA,History A,P5 10 33,132,105,94,84,73,62,52,38,24,10,0
2022,Jun,1HIA,History A,P5 11 31,132,109,98,88,77,66,55,40,25,11,0
2022,Jun,1HIA,History A,P5 13 32,132,109,99,90,78,67,56,41,27,13,0
2022,Jun,1HIA,History A,P5 13 33,132,106,96,87,75,63,52,38,24,11,0
2022,Jun,1HIB,History B,B1 P1 30,116,92,84,76,66,57,48,36,24,12,0
2022,Jun,1HIB,History B,B1 P1 31,116,94,85,76,66,56,46,33,21,9,0
2022,Jun,1HIB,History B,B1 P2 31,116,95,86,77,66,56,46,33,21,9,0
2022,Jun,1HIB,History B,B1 P3 30,116,92,84,76,66,57,48,35,23,11,0
2022,Jun,1HIB,History B,B1 P3 31,116,94,85,76,66,56,46,33,20,8,0
2022,Jun,1HIB,History B,B1 P3 32,116,94,85,77,67,57,48,35,23,11,0
2022,Jun,1HIB,History B,B1 P3 33,116,91,82,74,64,54,44,32,20,9,0
2022,Jun,1HIB,History B,B1 P4 30,116,93,85,77,66,56,46,34,23,12,0
2022,Jun,1HIB,History B,B1 P4 31,116,95,86,77,66,55,44,32,20,9,0
2022,Jun,1HIB,History B,B1 P4 32,116,95,86,78,67,56,46,34,23,12,0
2022,Jun,1HIB,History B,B1 P4 33,116,92,83,75,64,53,42,31,20,10,0
2022,Jun,1HIB,History B,B1 P5 31,116,94,85,76,66,56,46,33,21,9,0
2022,Jun,1HIB,History B,B1 P5 33,116,91,82,74,64,54,44,32,21,10,0
2022,Jun,1HIB,History B,B2 P1 33,116,92,84,76,65,55,45,33,21,10,0
2022,Jun,1HIB,History B,B2 P3 30,116,93,85,78,68,58,49,36,23,11,0
2022,Jun,1HIB,History B,B2 P3 31,116,95,86,78,67,57,47,34,21,8,0
2022,Jun,1HIB,History B,B2 P3 33,116,92,84,76,65,55,45,33,21,9,0
2022,Jun,1HIB,History B,B2 P4 30,116,94,86,79,68,57,47,35,23,12,0
2022,Jun,1HIB,History B,B2 P4 31,116,96,87,79,67,56,45,33,21,9,0
2022,Jun,1HIB,History B,B2 P4 33,116,93,85,77,65,54,43,32,21,10,0
2022,Jun,1HIB,History B,B2 P5 33,116,92,84,76,65,55,45,33,21,10,0
2022,Jun,1HIB,History B,B3 P2 30,116,94,87,80,69,58,47,35,23,12,0
2022,Jun,1HIB,History B,B3 P3 31,116,95,87,79,67,56,45,32,20,8,0
2022,Jun,1HIB,History B,B3 P3 33,116,92,84,77,65,54,43,31,20,9,0
2022,Jun,1HIB,History B,B3 P4 30,116,94,87,80,68,56,45,34,23,12,0
2022,Jun,1HIB,History B,B3 P4 31,116,96,88,80,67,55,43,31,20,9,0
2022,Jun,1HIB,History B,B3 P4 33,116,93,85,78,65,53,41,30,20,10,0
2022,Jun,1HIB,History B,B3 P5 31,116,95,87,79,67,56,45,33,21,9,0
2022,Jun,1HIB,History B,B3 P5 33,116,92,84,77,65,54,43,32,21,10,0
2022,Jun,1HIB,History B,B4 P1 30,116,93,84,76,67,58,49,36,24,12,0
2022,Jun,1HIB,History B,B4 P1 31,116,95,85,76,66,56,47,34,21,9,0
2022,Jun,1HIB,History B,B4 P2 31,116,96,86,77,67,57,47,34,21,9,0
2022,Jun,1HIB,History B,B4 P2 33,116,93,84,75,65,55,45,33,21,10,0
2022,Jun,1HIB,History B,B4 P3 31,116,95,85,76,66,56,47,34,21,8,0
2022,Jun,1HIB,History B,B4 P3 33,116,92,83,74,64,54,45,33,21,9,0
2022,Jun,1HIB,History B,B4 P4 30,116,94,85,77,67,57,47,35,23,12,0
2022,Jun,1HIB,History B,B4 P4 31,116,96,86,77,66,55,45,33,21,9,0
2022,Jun,1HIB,History B,B4 P4 32,116,96,87,78,67,57,47,35,23,12,0
2022,Jun,1HIB,History B,B4 P4 33,116,93,84,75,64,53,43,32,21,10,0
2022,Jun,1HIB,History B,B4 P5 31,116,95,85,76,66,56,47,34,21,9,0
2022,Jun,1IN0,Italian (Foundation),1F 2F 3F 4F,280,,,,,209,167,125,83,42,0
2022,Jun,1IN0,Italian (Higher),1H 2H 3H 4H,280,259,234,210,180,150,121,106,,,0
2022,Jun,1JA0,Japanese (Foundation),1F 2F 3F 4F,280,,,,,169,135,101,67,34,0
2022,Jun,1JA0,Japanese (Higher),1H 2H 3H 4H,280,245,209,174,147,120,94,81,,,0
2022,Jun,1MA1,Mathematics (Foundation),1F 2F 3F,240,,,,,173,135,100,66,32,0
2022,Jun,1MA1,Mathematics (Higher),1H 2H 3H,240,194,165,137,104,71,38,21,,,0
2022,Jun,1MU0,Music,01 02 03,200,164,153,143,129,116,103,83,63,44,0
2022,Jun,1PE0,Physical Education,01 02 03 04,300,235,220,206,185,164,144,111,78,46,0
2022,Jun,1PG0,Portuguese (Foundation),1F 2F 3F 4F,280,,,,,154,127,95,63,32,0
2022,Jun,1PG0,Portuguese (Higher),1H 2H 3H 4H,280,232,209,186,157,128,100,86,,,0
2022,Jun,1PH0,Physics (Foundation),1F 2F,200,,,,,123,104,75,46,17,0
2022,Jun,1PH0,Physics (Higher),1H 2H,200,156,138,121,99,78,57,46,,,0
2022,Jun,1PN0,Persian (Foundation),1F 2F 3F 4F,280,,,,,167,133,99,66,33,0
2022,Jun,1PN0,Persian (Higher),1H 2H 3H 4H,280,236,210,184,158,132,106,93,,,0
2022,Jun,1PS0,Psychology,,180,110,99,87,75,63,52,38,24,10,0
2022,Jun,1PY0,Art & Design: Photography,,72,59,53,48,41,34,27,19,11,4,0
2022,Jun,1RA0,Religious Studies A,1A 2C 3A,204,138,127,116,102,89,76,54,33,12,0
2022,Jun,1RA0,Religious Studies A,1A 2F 3A,204,135,123,112,97,82,67,48,29,11,0
2022,Jun,1RA0,Religious Studies A,1A 2F 4A,204,136,124,113,99,85,72,52,32,12,0
2022,Jun,1RA0,Religious Studies A,1B 2C 3B,204,143,131,120,107,94,81,58,35,13,0
2022,Jun,1RA0,Religious Studies A,1B 2C 4A,204,143,131,120,107,94,81,58,35,13,0
2022,Jun,1RA0,Religious Studies A,1B 2E 4A,204,140,128,117,104,91,78,56,34,12,0
2022,Jun,1RA0,Religious Studies A,1B 2F 3B,204,139,127,116,101,86,72,52,32,12,0
2022,Jun,1RA0,Religious Studies A,1C 2A 3C,204,150,138,127,114,101,89,64,39,14,0
2022,Jun,1RA0,Religious Studies A,1C 2B 3C,204,151,139,128,115,102,90,64,39,14,0
2022,Jun,1RA0,Religious Studies A,1C 2B 4B,204,152,140,129,116,103,91,65,39,14,0
2022,Jun,1RA0,Religious Studies A,1C 2F 3C,204,150,138,127,113,99,85,61,37,14,0
2022,Jun,1RB0,Religious Studies B,1A 2C,204,135,125,115,102,89,76,55,34,13,0
2022,Jun,1RB0,Religious Studies B,1A 2F,204,130,120,110,98,86,75,55,35,15,0
2022,Jun,1RB0,Religious Studies B,1A 3F,204,130,120,110,97,84,72,52,32,13,0
2022,Jun,1RB0,Religious Studies B,1B 2C,204,145,135,125,111,97,83,61,39,18,0
2022,Jun,1RB0,Religious Studies B,1B 2D,204,145,135,125,110,96,82,60,38,17,0
2022,Jun,1RB0,Religious Studies B,1B 2E,204,149,139,129,115,102,89,66,44,22,0
2022,Jun,1RB0,Religious Studies B,1B 2F,204,139,129,120,107,94,82,61,40,20,0
2022,Jun,1RB0,Religious Studies B,1B 2G,204,143,133,123,110,97,84,62,41,20,0
2022,Jun,1RB0,Religious Studies B,1B 3C,204,142,132,122,108,95,82,61,40,20,0
2022,Jun,1RB0,Religious Studies B,1B 3D,204,142,132,122,108,95,82,61,40,20,0
2022,Jun,1RB0,Religious Studies B,1B 3F,204,140,130,120,106,92,79,58,38,18,0
2022,Jun,1RB0,Religious Studies B,1B 3G,204,146,136,126,112,98,85,62,40,18,0
2022,Jun,1RB0,Religious Studies B,1C 2B,204,141,131,122,109,96,83,60,37,15,0
2022,Jun,1RB0,Religious Studies B,1C 3B,204,153,143,134,120,106,92,67,43,19,0
2022,Jun,1RB0,Religious Studies B,1D 2B,204,145,135,125,111,97,84,61,38,16,0
2022,Jun,1RB0,Religious Studies B,1D 3B,204,157,147,137,122,107,93,68,44,20,0
2022,Jun,1RB0,Religious Studies B,1E 2B,204,143,133,123,110,97,85,62,39,17,0
2022,Jun,1RB0,Religious Studies B,1F 2B,204,137,127,117,104,92,80,58,37,16,0
2022,Jun,1RB0,Religious Studies B,1F 3B,204,149,139,129,115,102,89,66,43,20,0
2022,Jun,1RB0,Religious Studies B,1G 2B,204,144,134,124,111,99,87,64,41,18,0
2022,Jun,1RB0,Religious Studies B,1G 3B,204,156,146,136,122,109,96,71,46,22,0
2022,Jun,1RB0,Religious Studies B,2B 3C,204,137,127,117,104,92,80,58,37,16,0
2022,Jun,1RB0,Religious Studies B,2B 3F,204,135,125,115,102,89,77,56,35,14,0
2022,Jun,1RB0,Religious Studies B,2C 3B,204,152,142,132,118,104,90,66,42,18,0
2022,Jun,1RB0,Religious Studies B,2D 3B,204,152,142,132,117,103,89,65,41,17,0
2022,Jun,1RB0,Religious Studies B,2D 3F,204,139,129,119,105,91,77,56,35,15,0
2022,Jun,1RU0,Russian (Foundation),1F 2F 3F 4F,280,,,,,141,118,88,59,30,0
2022,Jun,1RU0,Russian (Higher),1H 2H 3H 4H,280,235,194,154,126,98,71,57,,,0
2022,Jun,1SP0,Spanish (Foundation),1F 2F 3F 4F,280,,,,,173,151,109,68,27,0
2022,Jun,1SP0,Spanish (Higher),1H 2H 3H 4H,280,233,205,177,153,129,105,93,,,0
2022,Jun,1ST0,Statistics (Foundation),1F 2F,160,,,,,94,76,56,37,18,0
2022,Jun,1ST0,Statistics (Higher),1H 2H,160,121,101,82,62,43,24,14,,,0
2022,Jun,1TD0,Art & Design: 3D Design,,72,59,53,48,41,34,27,19,11,4,0
2022,Jun,1TE0,Art & Design: Textile Design,,72,59,53,48,41,34,27,19,11,4,0
2022,Jun,1TU0,Turkish (Foundation),1F 2F 3F 4F,280,,,,,174,139,104,69,35,0
2022,Jun,1TU0,Turkish (Higher),1H 2H 3H 4H,280,236,209,182,159,136,113,101,,,0
2022,Jun,1UR0,Urdu (Foundation),1F 2F 3F 4F,280,,,,,212,182,129,77,25,0
2022,Jun,1UR0,Urdu (Higher),1H 2H 3H 4H,280,252,240,228,199,170,142,128,,,0
2022,Jun,3PE0,Physical Education (Short Course),01 02,150,137,124,111,97,83,70,51,32,13,0
2022,Jun,3RA0,Religious Studies A (Short Course),01 04,102,72,67,62,57,52,47,35,23,12,0
2022,Jun,3RA0,Religious Studies A (Short Course),02 03,102,68,65,62,59,56,53,39,25,12,0
2022,Jun,3RA0,Religious Studies A (Short Course),02 04,102,70,66,62,58,54,51,38,25,12,0
2022,Jun,3RB0,Religious Studies B (Short Course),1A 2C,102,68,63,59,53,48,43,32,21,11,0
2022,Jun,3RB0,Religious Studies B (Short Course),1A 2F,102,64,59,55,50,45,40,30,20,10,0
2022,Jun,3RB0,Religious Studies B (Short Course),1B 2C,102,73,68,64,58,52,46,35,24,14,0
2022,Jun,3RB0,Religious Studies B (Short Course),1B 2E,102,68,63,59,53,48,43,32,21,11,0
2022,Jun,3RB0,Religious Studies B (Short Course),1B 2F,102,69,64,60,54,48,43,33,23,13,0
2022,Jun,3RB0,Religious Studies B (Short Course),1B 2G,102,68,63,59,53,48,43,32,21,11,0
2022,Jun,3RB0,Religious Studies B (Short Course),1C 2B,102,65,60,56,51,46,41,30,19,8,0
2022,Jun,3RB0,Religious Studies B (Short Course),1E 2B,102,64,59,55,50,46,42,31,20,9,0
2022,Jun,3RB0,Religious Studies B (Short Course),1F 2B,102,64,59,55,50,46,42,31,20,9,0
2022,Jun,3RB0,Religious Studies B (Short Course),1G 2B,102,64,59,55,50,46,42,31,20,9,0
2022,Nov,1EN0,English Language,01 02,160,127,117,108,97,87,77,57,38,19,0
2022,Nov,1EN2,English Language 2.0,01 02,160,124,115,106,93,80,68,48,29,10,0
2022,Nov,1MA1,Mathematics (Foundation),1F 2F 3F,240,,,,,173,135,100,66,32,0
2022,Nov,1MA1,Mathematics (Higher),1H 2H 3H,240,194,165,137,104,71,38,21,,,0
2023,Jun,1AA0,Arabic (Foundation),1F 2F 3F 4F,280,,,,,137,112,89,66,44,0
2023,Jun,1AA0,Arabic (Foundation),1F 2FT 3F 4F,280,,,,,137,112,89,66,44,0
2023,Jun,1AA0,Arabic (Higher),1H 2H 3H 4H,280,219,192,166,141,116,92,80,,,0
2023,Jun,1AA0,Arabic (Higher),1H 2HT 3H 4H,280,219,192,166,141,116,92,80,,,0
2023,Jun,1AD0,"Art, Craft & Design",01 02,180,147,134,122,105,89,73,52,31,10,0
2023,Jun,1AD0,"Art, Craft & Design",01T 02,180,147,134,122,105,89,73,52,31,10,0
2023,Jun,1AS0,Astronomy,01 02,200,154,139,124,109,94,79,62,46,30,0
2023,Jun,1BH0,Biblical Hebrew,01 02,200,156,141,127,114,101,89,73,57,42,0
2023,Jun,1BI0,Biology (Foundation),1F 2F,200,,,,,119,98,72,47,22,0
2023,Jun,1BI0,Biology (Higher),1H 2H,200,162,146,131,107,83,59,47,,,0
2023,Jun,1BS0,Business,01 02,180,143,132,122,108,95,82,60,38,16,0
2023,Jun,1CH0,Chemistry (Foundation),1F 2F,200,,,,,124,103,75,48,21,0
2023,Jun,1CH0,Chemistry (Higher),1H 2H,200,159,142,125,101,77,54,42,,,0
2023,Jun,1CN0,Chinese (Foundation),1F 2F 3F 4F,280,,,,,200,157,114,72,30,0
2023,Jun,1CN0,Chinese (Higher),1H 2H 3H 4H,280,225,189,154,128,102,77,64,,,0
2023,Jun,1CP2,Computer Science,01 02,150,127,112,97,80,64,48,34,20,7,0
2023,Jun,1CS0,Citizenship Studies,01 02,160,129,118,108,95,82,69,51,33,16,0
2023,Jun,1DR0,Drama,01 02 03,240,197,185,173,156,140,124,91,59,27,0
2023,Jun,1DT0,Design and Technology,02 1A,200,144,130,117,102,87,72,52,32,12,0
2023,Jun,1DT0,Design and Technology,02 1B,200,141,129,117,102,87,73,52,32,12,0
2023,Jun,1DT0,Design and Technology,02 1C,200,143,129,116,101,86,71,51,31,11,0
2023,Jun,1DT0,Design and Technology,02 1D,200,143,129,116,101,86,71,51,31,11,0
2023,Jun,1DT0,Design and Technology,02 1E,200,146,132,119,104,89,74,53,33,13,0
2023,Jun,1DT0,Design and Technology,02 1F,200,141,127,113,98,84,70,50,30,11,0
2023,Jun,1EN0,English Language,01 02,160,131,122,113,102,91,80,58,36,15,0
2023,Jun,1EN2,English Language 2.0,01 02,160,134,123,113,99,86,73,52,31,10,0
2023,Jun,1ET0,English Literature,01 02,160,132,121,110,95,81,67,49,31,13,0
2023,Jun,1FA0,Art & Design: Fine Art,01 02,180,147,134,122,105,89,73,52,31,10,0
2023,Jun,1FA0,Art & Design: Fine Art,01T 02,180,147,134,122,105,89,73,52,31,10,0
2023,Jun,1FR0,French (Foundation),1F 2F 3F 4F,280,,,,,187,162,118,74,30,0
2023,Jun,1FR0,French (Higher),1H 2H 3H 4H,280,230,205,181,155,129,104,91,,,0
2023,Jun,1GA0,Geography A,01 02 03,256,199,183,167,148,130,112,81,50,20,0
2023,Jun,1GB0,Geography B,01 02 03,256,211,194,177,156,136,116,82,48,14,0
2023,Jun,1GC0,Art & Design: Graphic Communication,01 02,180,147,134,122,105,89,73,52,31,10,0
2023,Jun,1GK0,Greek (Foundation),1F 2F 3F 4F,280,,,,,259,208,157,106,55,0
2023,Jun,1GK0,Greek (Higher),1H 2H 3H 4H,280,252,235,218,200,183,166,157,,,0
2023,Jun,1GN0,German (Foundation),1F 2F 3F 4F,280,,,,,203,176,131,86,41,0
2023,Jun,1GN0,German (Foundation),1F 2FT 3F 4F,280,,,,,203,176,131,86,41,0
2023,Jun,1GN0,German (Higher),1H 2H 3H 4H,280,230,208,187,159,131,103,89,,,0
2023,Jun,1GU0,Gujarati (Foundation),1F 2F 3F 4F,280,,,,,152,122,92,62,33,0
2023,Jun,1GU0,Gujarati (Higher),1H 2H 3H 4H,280,238,212,186,160,134,109,96,,,0
2023,Jun,1HI0,History,10 2A 30,168,147,133,120,105,90,76,55,34,14,0
2023,Jun,1HI0,History,10 2A 31,168,144,130,117,102,88,74,53,33,13,0
2023,Jun,1HI0,History,10 2A 32,168,145,131,118,103,88,74,54,34,14,0
2023,Jun,1HI0,History,10 2B 31,168,144,130,117,103,89,75,54,33,13,0
2023,Jun,1HI0,History,10 2C 31,168,141,127,114,99,84,69,50,31,13,0
2023,Jun,1HI0,History,10 2D 31,168,141,127,114,99,84,70,51,32,13,0
2023,Jun,1HI0,History,10 2D 33,168,142,128,115,100,85,71,51,32,13,0
2023,Jun,1HI0,History,10 2E 30,168,142,128,115,100,85,71,51,32,13,0
2023,Jun,1HI0,History,10 2E 31,168,139,125,112,97,83,69,50,31,12,0
2023,Jun,1HI0,History,10 2F 30,168,141,127,114,99,84,70,51,32,14,0
2023,Jun,1HI0,History,10 2F 31,168,138,124,111,96,82,68,49,31,13,0
2023,Jun,1HI0,History,10 2H 31,168,138,124,111,97,83,69,50,31,13,0
2023,Jun,1HI0,History,10 2H 33,168,139,125,112,98,84,70,51,32,13,0
2023,Jun,1HI0,History,10 2J 30,168,143,129,116,102,88,74,54,34,14,0
2023,Jun,1HI0,History,10 2J 31,168,137,125,113,99,85,72,52,32,13,0
2023,Jun,1HI0,History,10 2J 33,168,138,126,114,100,86,73,53,33,13,0
2023,Jun,1HI0,History,10 2K 30,168,145,131,118,103,88,73,53,33,13,0
2023,Jun,1HI0,History,10 2K 31,168,142,128,115,100,85,71,51,31,12,0
2023,Jun,1HI0,History,10 2L 30,168,142,128,115,100,85,71,51,32,13,0
2023,Jun,1HI0,History,10 2L 31,168,138,125,112,97,83,69,50,31,12,0
2023,Jun,1HI0,History,10 2L 33,168,140,126,113,98,84,70,50,31,12,0
2023,Jun,1HI0,History,10 2M 30,168,143,129,116,101,87,73,53,33,13,0
2023,Jun,1HI0,History,10 2M 31,168,140,126,113,99,85,71,51,31,12,0
2023,Jun,1HI0,History,10 2M 32,168,141,127,114,99,85,71,51,32,13,0
2023,Jun,1HI0,History,10 2M 33,168,140,127,114,100,86,72,52,32,12,0
2023,Jun,1HI0,History,10 2N 30,168,146,132,119,103,87,72,52,32,13,0
2023,Jun,1HI0,History,10 2N 31,168,145,130,116,100,85,70,50,31,12,0
2023,Jun,1HI0,History,10 2N 33,168,142,129,117,101,86,71,51,31,12,0
2023,Jun,1HI0,History,10 2P 30,168,146,132,119,104,90,76,55,34,13,0
2023,Jun,1HI0,History,10 2P 31,168,144,130,116,102,88,74,53,32,12,0
2023,Jun,1HI0,History,10 2P 33,168,144,130,117,103,89,75,54,33,12,0
2023,Jun,1HI0,History,10 2Q 30,168,147,133,120,105,90,75,54,33,13,0
2023,Jun,1HI0,History,10 2Q 31,168,143,130,117,102,87,73,52,32,12,0
2023,Jun,1HI0,History,10 2Q 33,168,146,132,118,103,88,74,53,32,12,0
2023,Jun,1HI0,History,10 2R 30,168,148,134,121,105,90,75,54,34,14,0
2023,Jun,1HI0,History,10 2R 31,168,143,130,118,103,88,73,53,33,13,0
2023,Jun,1HI0,History,10 2R 32,168,146,132,119,103,88,73,53,33,14,0
2023,Jun,1HI0,History,10 2R 33,168,143,131,119,104,89,74,53,33,13,0
2023,Jun,1HI0,History,10 2T 30,168,146,132,119,104,89,75,54,34,14,0
2023,Jun,1HI0,History,10 2T 31,168,143,129,116,101,87,73,53,33,13,0
2023,Jun,1HI0,History,10 2T 32,168,144,130,117,102,87,73,53,33,14,0
2023,Jun,1HI0,History,10 2U 30,168,144,130,117,103,90,77,55,34,13,0
2023,Jun,1HI0,History,10 2U 31,168,141,127,114,101,88,75,54,33,12,0
2023,Jun,1HI0,History,10 2U 33,168,142,128,115,102,89,76,54,33,12,0
2023,Jun,1HI0,History,10 2V 31,168,141,127,114,100,86,73,52,32,12,0
2023,Jun,1HI0,History,10 2V 33,168,142,128,115,101,87,74,53,32,12,0
2023,Jun,1HI0,History,10 2W 31,168,142,128,115,101,87,73,52,32,12,0
2023,Jun,1HI0,History,10 2W 33,168,143,129,116,102,88,74,53,32,12,0
2023,Jun,1HI0,History,11 2A 31,168,144,130,117,103,89,76,55,34,14,0
2023,Jun,1HI0,History,11 2B 31,168,144,130,117,103,90,77,56,35,14,0
2023,Jun,1HI0,History,11 2C 31,168,141,127,114,99,85,71,52,33,14,0
2023,Jun,1HI0,History,11 2D 31,168,141,127,114,100,86,72,52,33,14,0
2023,Jun,1HI0,History,11 2D 33,168,142,128,115,101,87,73,53,33,14,0
2023,Jun,1HI0,History,11 2E 31,168,139,125,112,98,84,71,51,32,13,0
2023,Jun,1HI0,History,11 2E 32,168,140,126,113,99,85,71,52,33,14,0
2023,Jun,1HI0,History,11 2F 31,168,138,124,111,97,83,70,51,32,14,0
2023,Jun,1HI0,History,11 2G 31,168,137,123,110,97,84,72,52,33,14,0
2023,Jun,1HI0,History,11 2H 30,168,141,127,114,100,86,73,53,34,15,0
2023,Jun,1HI0,History,11 2H 31,168,140,125,111,97,84,71,52,33,14,0
2023,Jun,1HI0,History,11 2H 32,168,139,125,112,98,84,71,52,33,15,0
2023,Jun,1HI0,History,11 2J 30,168,143,129,116,102,89,76,55,35,15,0
2023,Jun,1HI0,History,11 2J 31,168,141,127,113,100,87,74,54,34,14,0
2023,Jun,1HI0,History,11 2J 32,168,141,127,114,100,87,74,54,34,15,0
2023,Jun,1HI0,History,11 2J 33,168,141,127,114,101,88,75,54,34,14,0
2023,Jun,1HI0,History,11 2K 31,168,141,128,115,101,87,73,53,33,13,0
2023,Jun,1HI0,History,11 2K 33,168,143,129,116,102,88,74,53,33,13,0
2023,Jun,1HI0,History,11 2L 31,168,139,125,112,98,84,71,51,32,13,0
2023,Jun,1HI0,History,11 2L 32,168,140,126,113,99,85,71,52,33,14,0
2023,Jun,1HI0,History,11 2L 33,168,140,126,113,99,85,72,52,32,13,0
2023,Jun,1HI0,History,11 2M 30,168,143,129,116,102,88,75,54,34,14,0
2023,Jun,1HI0,History,11 2M 31,168,142,127,113,99,86,73,53,33,13,0
2023,Jun,1HI0,History,11 2M 32,168,141,127,114,100,86,73,53,33,14,0
2023,Jun,1HI0,History,11 2M 33,168,144,129,114,100,87,74,53,33,13,0
2023,Jun,1HI0,History,11 2N 30,168,146,132,119,104,89,74,54,34,14,0
2023,Jun,1HI0,History,11 2N 31,168,144,130,116,101,86,72,52,32,13,0
2023,Jun,1HI0,History,11 2N 32,168,144,130,117,102,87,72,52,33,14,0
2023,Jun,1HI0,History,11 2N 33,168,144,130,117,102,87,73,53,33,13,0
2023,Jun,1HI0,History,11 2P 30,168,146,132,119,105,91,78,56,35,14,0
2023,Jun,1HI0,History,11 2P 31,168,144,130,116,102,89,76,55,34,13,0
2023,Jun,1HI0,History,11 2P 32,168,144,130,117,103,89,76,55,34,14,0
2023,Jun,1HI0,History,11 2P 33,168,144,130,117,103,90,77,55,34,13,0
2023,Jun,1HI0,History,11 2Q 30,168,147,133,120,105,91,77,56,35,14,0
2023,Jun,1HI0,History,11 2Q 31,168,143,130,117,103,89,75,54,33,13,0
2023,Jun,1HI0,History,11 2Q 33,168,145,131,118,104,90,76,55,34,13,0
2023,Jun,1HI0,History,11 2R 30,168,146,133,121,106,91,77,56,35,15,0
2023,Jun,1HI0,History,11 2R 31,168,145,131,118,103,89,75,54,34,14,0
2023,Jun,1HI0,History,11 2R 33,168,146,132,119,104,90,76,55,34,14,0
2023,Jun,1HI0,History,11 2T 30,168,146,132,119,105,91,77,56,35,15,0
2023,Jun,1HI0,History,11 2T 31,168,143,129,116,102,88,75,54,34,14,0
2023,Jun,1HI0,History,11 2T 33,168,144,130,117,103,89,76,55,34,14,0
2023,Jun,1HI0,History,11 2U 31,168,141,127,114,101,89,77,55,34,13,0
2023,Jun,1HI0,History,11 2V 31,168,141,127,114,101,88,75,54,33,13,0
2023,Jun,1HI0,History,11 2W 30,168,145,131,118,104,90,77,56,35,14,0
2023,Jun,1HI0,History,11 2W 31,168,142,128,115,101,88,75,54,33,13,0
2023,Jun,1HI0,History,11 2W 33,168,143,129,116,102,89,76,55,34,13,0
2023,Jun,1HI0,History,12 2A 33,168,146,132,119,105,91,77,55,34,13,0
2023,Jun,1HI0,History,12 2C 30,168,145,131,118,103,88,73,53,33,14,0
2023,Jun,1HI0,History,12 2D 33,168,143,129,116,101,87,73,53,33,13,0
2023,Jun,1HI0,History,12 2E 30,168,143,129,116,101,87,73,53,33,13,0
2023,Jun,1HI0,History,12 2E 31,168,140,126,113,99,85,71,51,31,12,0
2023,Jun,1HI0,History,12 2G 31,168,138,124,111,98,85,72,52,32,13,0
2023,Jun,1HI0,History,12 2J 31,168,141,127,114,100,87,74,53,33,13,0
2023,Jun,1HI0,History,12 2J 33,168,142,128,115,101,88,75,54,33,13,0
2023,Jun,1HI0,History,12 2K 30,168,146,132,119,104,89,75,54,33,13,0
2023,Jun,1HI0,History,12 2K 31,168,143,129,116,101,87,73,52,32,12,0
2023,Jun,1HI0,History,12 2M 31,168,141,127,114,100,86,73,52,32,12,0
2023,Jun,1HI0,History,12 2N 30,168,147,133,120,104,89,74,53,33,13,0
2023,Jun,1HI0,History,12 2N 31,168,149,133,117,102,87,72,52,32,12,0
2023,Jun,1HI0,History,12 2N 33,168,145,131,118,103,88,73,52,32,12,0
2023,Jun,1HI0,History,12 2P 30,168,147,133,120,106,92,78,56,34,13,0
2023,Jun,1HI0,History,12 2P 31,168,144,130,117,103,89,76,54,33,12,0
2023,Jun,1HI0,History,12 2Q 31,168,145,131,118,103,89,75,54,33,12,0
2023,Jun,1HI0,History,12 2Q 32,168,146,132,119,104,89,75,54,33,13,0
2023,Jun,1HI0,History,12 2Q 33,168,146,132,119,104,90,76,54,33,12,0
2023,Jun,1HI0,History,12 2R 30,168,149,135,122,107,92,77,56,35,14,0
2023,Jun,1HI0,History,12 2R 31,168,148,133,119,104,89,75,54,33,13,0
2023,Jun,1HI0,History,12 2R 33,168,147,133,120,105,90,76,55,34,13,0
2023,Jun,1HI0,History,12 2T 30,168,147,133,120,105,91,77,56,35,14,0
2023,Jun,1HI0,History,12 2T 31,168,144,130,117,103,89,75,54,33,13,0
2023,Jun,1HI0,History,12 2U 31,168,142,128,115,102,89,77,55,33,12,0
2023,Jun,1HI0,History,12 2V 31,168,142,128,115,101,88,75,54,33,12,0
2023,Jun,1HI0,History,13 2B 32,168,147,133,120,106,92,78,57,36,15,0
2023,Jun,1HI0,History,13 2H 31,168,140,126,113,99,85,72,52,33,14,0
2023,Jun,1HI0,History,13 2J 30,168,145,131,118,104,90,77,56,35,15,0
2023,Jun,1HI0,History,13 2J 31,168,142,128,115,101,88,75,54,34,14,0
2023,Jun,1HI0,History,13 2K 31,168,144,130,117,102,88,74,53,33,13,0
2023,Jun,1HI0,History,13 2L 31,168,141,127,114,100,86,72,52,32,13,0
2023,Jun,1HI0,History,13 2M 31,168,142,128,115,101,87,74,53,33,13,0
2023,Jun,1HI0,History,13 2N 30,168,148,134,121,105,90,75,54,34,14,0
2023,Jun,1HI0,History,13 2N 31,168,145,131,118,103,88,73,53,33,13,0
2023,Jun,1HI0,History,13 2N 33,168,146,132,119,104,89,74,53,33,13,0
2023,Jun,1HI0,History,13 2P 31,168,145,131,118,104,90,77,55,34,13,0
2023,Jun,1HI0,History,13 2Q 30,168,149,135,122,107,92,78,56,35,14,0
2023,Jun,1HI0,History,13 2Q 31,168,146,132,119,104,90,76,55,34,13,0
2023,Jun,1HI0,History,13 2R 30,168,150,136,123,108,93,78,57,36,15,0
2023,Jun,1HI0,History,13 2R 31,168,151,135,120,105,90,76,55,34,14,0
2023,Jun,1HI0,History,13 2R 32,168,148,134,121,106,91,76,55,35,15,0
2023,Jun,1HI0,History,13 2R 33,168,148,134,121,106,91,77,56,35,14,0
2023,Jun,1HI0,History,13 2T 33,168,146,132,119,105,91,77,56,35,14,0
2023,Jun,1HI0,History,13 2W 33,168,145,131,118,104,90,77,55,34,13,0
2023,Jun,1IN0,Italian (Foundation),1F 2F 3F 4F,280,,,,,199,163,123,83,43,0
2023,Jun,1IN0,Italian (Higher),1H 2H 3H 4H,280,255,231,207,179,151,123,109,,,0
2023,Jun,1JA0,Japanese (Foundation),1F 2F 3F 4F,280,,,,,188,152,116,80,44,0
2023,Jun,1JA0,Japanese (Higher),1H 2H 3H 4H,280,235,200,165,141,117,94,82,,,0
2023,Jun,1MA1,Mathematics (Foundation),1F 2F 3F,240,,,,,182,147,109,71,33,0
2023,Jun,1MA1,Mathematics (Higher),1H 2H 3H,240,203,174,145,112,79,47,31,,,0
2023,Jun,1MU0,Music,01 02 03,200,170,159,148,134,121,108,86,64,43,0
2023,Jun,1MU0,Music,01T 02 03,200,170,159,148,134,121,108,86,64,43,0
2023,Jun,1MU0,Music,01T 02T 03,200,170,159,148,134,121,108,86,64,43,0
2023,Jun,1PE0,Physical Education,01 02 03 04,350,290,273,256,233,210,187,141,95,50,0
2023,Jun,1PE0,Physical Education,01 02 03T 04T,350,290,273,256,233,210,187,141,95,50,0
2023,Jun,1PG0,Portuguese (Foundation),1F 2F 3F 4F,280,,,,,180,151,113,75,38,0
2023,Jun,1PG0,Portuguese (Higher),1H 2H 3H 4H,280,257,241,225,191,157,124,107,,,0
2023,Jun,1PH0,Physics (Foundation),1F 2F,200,,,,,134,119,86,54,22,0
2023,Jun,1PH0,Physics (Higher),1H 2H,200,163,147,131,111,92,73,63,,,0
2023,Jun,1PN0,Persian (Foundation),1F 2F 3F 4F,280,,,,,213,170,127,84,42,0
2023,Jun,1PN0,Persian (Higher),1H 2H 3H 4H,280,256,233,210,187,165,143,132,,,0
2023,Jun,1PS0,Psychology,01 02,180,114,102,90,78,66,54,39,24,10,0
2023,Jun,1PY0,Art & Design: Photography,01 02,180,147,134,122,105,89,73,52,31,10,0
2023,Jun,1PY0,Art & Design: Photography,01T 02,180,147,134,122,105,89,73,52,31,10,0
2023,Jun,1RA0,Religious Studies A,1A 2C 3A,204,141,130,119,105,91,78,56,34,12,0
2023,Jun,1RA0,Religious Studies A,1A 2D 4A,204,145,134,123,110,97,85,61,37,14,0
2023,Jun,1RA0,Religious Studies A,1A 2F 3A,204,136,125,114,99,85,71,50,30,10,0
2023,Jun,1RA0,Religious Studies A,1A 2F 4A,204,139,128,117,103,90,77,55,33,11,0
2023,Jun,1RA0,Religious Studies A,1B 2C 3B,204,146,135,124,111,98,85,61,37,14,0
2023,Jun,1RA0,Religious Studies A,1B 2C 4A,204,146,135,124,111,98,85,61,37,14,0
2023,Jun,1RA0,Religious Studies A,1B 2D 3B,204,147,136,125,112,99,86,62,38,15,0
2023,Jun,1RA0,Religious Studies A,1B 2E 4A,204,146,135,124,111,98,85,61,37,14,0
2023,Jun,1RA0,Religious Studies A,1B 2F 3B,204,141,130,119,105,91,78,56,34,12,0
2023,Jun,1RA0,Religious Studies A,1C 2A 3C,204,154,143,132,118,105,92,69,46,23,0
2023,Jun,1RA0,Religious Studies A,1C 2B 3C,204,158,147,136,122,109,96,72,48,24,0
2023,Jun,1RA0,Religious Studies A,1C 2B 4B,204,158,147,136,122,109,96,71,46,22,0
2023,Jun,1RA0,Religious Studies A,1C 2F 3C,204,152,141,130,116,102,88,66,44,22,0
2023,Jun,1RB0,Religious Studies B,1A 2C,204,137,128,120,107,95,83,59,35,12,0
2023,Jun,1RB0,Religious Studies B,1A 2F,204,131,122,114,103,92,82,60,38,17,0
2023,Jun,1RB0,Religious Studies B,1A 3F,204,129,120,112,99,86,74,53,32,12,0
2023,Jun,1RB0,Religious Studies B,1B 2C,204,145,136,128,115,103,91,64,38,12,0
2023,Jun,1RB0,Religious Studies B,1B 2D,204,144,135,127,113,99,86,61,37,13,0
2023,Jun,1RB0,Religious Studies B,1B 2E,204,137,128,120,108,96,84,61,38,16,0
2023,Jun,1RB0,Religious Studies B,1B 2F,204,137,129,122,111,100,90,65,41,17,0
2023,Jun,1RB0,Religious Studies B,1B 2G,204,147,138,130,116,102,88,62,37,12,0
2023,Jun,1RB0,Religious Studies B,1B 3C,204,144,135,127,112,98,84,60,36,12,0
2023,Jun,1RB0,Religious Studies B,1B 3D,204,146,137,129,118,107,97,69,41,13,0
2023,Jun,1RB0,Religious Studies B,1B 3G,204,144,135,127,115,103,92,66,40,14,0
2023,Jun,1RB0,Religious Studies B,1C 2B,204,140,131,123,110,98,86,61,36,11,0
2023,Jun,1RB0,Religious Studies B,1C 2F,204,141,132,124,113,102,92,67,42,17,0
2023,Jun,1RB0,Religious Studies B,1C 3B,204,152,144,137,125,114,103,74,45,17,0
2023,Jun,1RB0,Religious Studies B,1D 2B,204,145,136,128,114,101,88,64,40,16,0
2023,Jun,1RB0,Religious Studies B,1D 3B,204,159,150,142,129,117,105,77,49,22,0
2023,Jun,1RB0,Religious Studies B,1D 3C,204,151,142,134,118,103,88,64,40,17,0
2023,Jun,1RB0,Religious Studies B,1E 2B,204,144,135,127,115,103,92,66,41,16,0
2023,Jun,1RB0,Religious Studies B,1E 3G,204,150,141,133,122,111,100,73,46,19,0
2023,Jun,1RB0,Religious Studies B,1F 2B,204,137,128,120,107,94,82,59,36,14,0
2023,Jun,1RB0,Religious Studies B,1F 3B,204,151,142,134,122,110,99,72,46,20,0
2023,Jun,1RB0,Religious Studies B,1G 2B,204,143,134,126,114,102,90,65,40,15,0
2023,Jun,1RB0,Religious Studies B,1G 2C,204,150,141,133,121,109,97,70,43,16,0
2023,Jun,1RB0,Religious Studies B,1G 3B,204,157,148,140,129,118,107,78,49,21,0
2023,Jun,1RB0,Religious Studies B,2B 3C,204,137,128,120,105,90,76,54,32,11,0
2023,Jun,1RB0,Religious Studies B,2C 3B,204,152,143,135,123,111,100,72,44,17,0
2023,Jun,1RB0,Religious Studies B,2D 3B,204,151,142,134,121,108,95,69,43,18,0
2023,Jun,1RB0,Religious Studies B,2F 3B,204,146,137,129,119,109,99,73,47,22,0
2023,Jun,1RU0,Russian (Foundation),1F 2F 3F 4F,280,,,,,155,124,93,62,31,0
2023,Jun,1RU0,Russian (Higher),1H 2H 3H 4H,280,234,194,154,133,113,93,83,,,0
2023,Jun,1RU0,Russian (Higher),1H 2HT 3H 4H,280,234,194,154,133,113,93,83,,,0
2023,Jun,1SP0,Spanish (Foundation),1F 2F 3F 4F,280,,,,,180,156,112,68,24,0
2023,Jun,1SP0,Spanish (Foundation),1F 2FT 3F 4F,280,,,,,180,156,112,68,24,0
2023,Jun,1SP0,Spanish (Higher),1H 2H 3H 4H,280,239,207,175,150,126,102,90,,,0
2023,Jun,1SP0,Spanish (Higher),1H 2HT 3H 4H,280,239,207,175,150,126,102,90,,,0
2023,Jun,1ST0,Statistics (Foundation),1F 2F,160,,,,,89,71,51,31,11,0
2023,Jun,1ST0,Statistics (Higher),1H 2H,160,120,102,84,65,46,27,17,,,0
2023,Jun,1TD0,Art & Design: 3D Design,01 02,180,147,134,122,105,89,73,52,31,10,0
2023,Jun,1TE0,Art & Design: Textile Design,01 02,180,147,134,122,105,89,73,52,31,10,0
2023,Jun,1TU0,Turkish (Foundation),1F 2F 3F 4F,280,,,,,170,136,102,68,34,0
2023,Jun,1TU0,Turkish (Higher),1H 2H 3H 4H,280,238,215,192,164,137,110,96,,,0
2023,Jun,1UR0,Urdu (Foundation),1F 2F 3F 4F,280,,,,,202,177,127,77,27,0
2023,Jun,1UR0,Urdu (Higher),1H 2H 3H 4H,280,262,251,241,214,187,161,148,,,0
2023,Nov,1EN0,English Language,01 02,160,131,122,113,102,91,80,58,36,15,0
2023,Nov,1EN2,English Language 2.0,01 02,160,134,123,113,99,86,73,52,31,10,0
2023,Nov,1MA1,Mathematics (Foundation),1F 2F 3F,240,,,,,175,140,104,68,33,0
2023,Nov,1MA1,Mathematics (Higher),1H 2H 3H,240,203,174,145,112,79,47,31,,,0
2024,Jun,1AA0,Arabic (Foundation),1F 2F 3F 4F,280,,,,,158,136,109,82,55,0
2024,Jun,1AA0,Arabic (Higher),1H 2H 3H 4H,280,225,196,168,146,124,103,92,,,0
2024,Jun,1AA0,Arabic (Higher),1H 2HT 3H 4H,280,225,196,168,146,124,103,92,,,0
2024,Jun,1AD0,"Art, Craft & Design",01 02,180,147,134,122,105,89,73,52,31,10,0
2024,Jun,1AS0,Astronomy,01 02,200,156,140,124,109,94,80,60,41,22,0
2024,Jun,1BH0,Biblical Hebrew,01 02,200,162,150,138,126,114,102,85,68,51,0
2024,Jun,1BI0,Biology (Foundation),1F 2F,200,,,,,130,111,81,51,22,0
2024,Jun,1BI0,Biology (Higher),1H 2H,200,166,152,139,116,93,71,60,,,0
2024,Jun,1BS0,Business,01 02,180,147,137,128,114,100,86,62,39,16,0
2024,Jun,1CH0,Chemistry (Foundation),1F 2F,200,,,,,119,99,75,51,28,0
2024,Jun,1CH0,Chemistry (Higher),1H 2H,200,148,128,109,87,66,45,34,,,0
2024,Jun,1CN0,Chinese (Foundation),1F 2F 3F 4F,280,,,,,199,157,115,73,31,0
2024,Jun,1CN0,Chinese (Higher),1H 2H 3H 4H,280,211,184,157,130,103,77,64,,,0
2024,Jun,1CP2,Computer Science,01 02,150,119,105,91,76,61,47,34,21,8,0
2024,Jun,1CS0,Citizenship Studies,01 02,160,134,124,115,100,85,71,51,32,13,0
2024,Jun,1DR0,Drama,01 02 03,240,200,188,176,160,144,128,96,64,32,0
2024,Jun,1DR0,Drama,01T 02T 03,240,200,188,176,160,144,128,96,64,32,0
2024,Jun,1DT0,Design and Technology,02 1A,200,144,131,118,103,89,75,54,33,12,0
2024,Jun,1DT0,Design and Technology,02 1B,200,141,129,117,103,89,76,54,33,12,0
2024,Jun,1DT0,Design and Technology,02 1C,200,144,131,118,103,89,75,53,32,11,0
2024,Jun,1DT0,Design and Technology,02 1D,200,144,131,118,103,89,75,54,33,12,0
2024,Jun,1DT0,Design and Technology,02 1E,200,141,129,117,103,89,76,55,34,13,0
2024,Jun,1DT0,Design and Technology,02 1F,200,140,126,113,99,85,71,52,33,14,0
2024,Jun,1DT0,Design and Technology,02T 1B,200,141,129,117,103,89,76,54,33,12,0
2024,Jun,1DT0,Design and Technology,02T 1F,200,140,126,113,99,85,71,52,33,14,0
2024,Jun,1EN0,English Language,01 02,160,132,123,114,104,94,84,64,45,26,0
2024,Jun,1EN2,English Language 2.0,01 02,160,142,132,123,110,97,84,64,44,24,0
2024,Jun,1ET0,English Literature,01 02,160,133,122,112,98,84,70,51,33,15,0
2024,Jun,1FA0,Art & Design: Fine Art,01 02,180,147,134,122,105,89,73,52,31,10,0
2024,Jun,1FR0,French (Foundation),1F 2F 3F 4F,280,,,,,192,168,130,93,56,0
2024,Jun,1FR0,French (Foundation),1F 2FT 3F 4F,280,,,,,192,168,130,93,56,0
2024,Jun,1FR0,French (Higher),1H 2H 3H 4H,280,226,199,172,149,126,103,91,,,0
2024,Jun,1FR0,French (Higher),1H 2HT 3H 4H,280,226,199,172,149,126,103,91,,,0
2024,Jun,1GA0,Geography A,01 02 03,256,209,193,177,157,138,119,84,50,16,0
2024,Jun,1GB0,Geography B,01 02 03,256,210,193,177,158,139,120,86,52,19,0
2024,Jun,1GC0,Art & Design: Graphic Communication,01 02,180,147,134,122,105,89,73,52,31,10,0
2024,Jun,1GK0,Greek (Foundation),1F 2F 3F 4F,280,,,,,259,208,157,106,55,0
2024,Jun,1GK0,Greek (Foundation),1F 2FT 3F 4F,280,,,,,259,208,157,106,55,0
2024,Jun,1GK0,Greek (Higher),1H 2H 3H 4H,280,254,236,218,200,183,166,157,,,0
2024,Jun,1GK0,Greek (Higher),1H 2HT 3H 4H,280,254,236,218,200,183,166,157,,,0
2024,Jun,1GN0,German (Foundation),1F 2F 3F 4F,280,,,,,190,161,121,81,41,0
2024,Jun,1GN0,German (Higher),1H 2H 3H 4H,280,220,197,174,148,123,98,85,,,0
2024,Jun,1GN0,German (Higher),1H 2HT 3H 4H,280,220,197,174,148,123,98,85,,,0
2024,Jun,1GU0,Gujarati (Foundation),1F 2F 3F 4F,280,,,,,152,122,92,62,33,0
2024,Jun,1GU0,Gujarati (Higher),1H 2H 3H 4H,280,247,219,191,163,136,109,95,,,0
2024,Jun,1HI0,History,10 2A 30,168,145,133,121,108,95,82,61,40,19,0
2024,Jun,1HI0,History,10 2A 31,168,144,132,120,106,92,79,58,37,17,0
2024,Jun,1HI0,History,10 2B 30,168,146,134,122,109,96,84,63,42,21,0
2024,Jun,1HI0,History,10 2B 31,168,145,133,121,107,94,81,60,39,19,0
2024,Jun,1HI0,History,10 2C 30,168,145,133,121,108,96,84,62,40,18,0
2024,Jun,1HI0,History,10 2C 31,168,144,132,120,107,94,81,59,37,16,0
2024,Jun,1HI0,History,10 2D 31,168,144,132,120,106,93,80,58,37,16,0
2024,Jun,1HI0,History,10 2E 30,168,145,133,121,108,95,82,61,40,19,0
2024,Jun,1HI0,History,10 2E 31,168,144,132,120,106,92,79,58,37,17,0
2024,Jun,1HI0,History,10 2F 31,168,145,133,121,107,94,81,60,39,19,0
2024,Jun,1HI0,History,10 2G 30,168,145,133,121,108,96,84,62,40,18,0
2024,Jun,1HI0,History,10 2G 31,168,144,132,120,107,94,81,59,37,16,0
2024,Jun,1HI0,History,10 2H 31,168,144,132,120,106,93,80,58,37,16,0
2024,Jun,1HI0,History,10 2H 33,168,144,132,120,106,92,79,58,38,18,0
2024,Jun,1HI0,History,10 2J 31,168,143,132,121,107,94,81,60,39,18,0
2024,Jun,1HI0,History,10 2J 33,168,140,130,121,107,93,80,60,40,20,0
2024,Jun,1HI0,History,10 2K 30,168,147,135,123,110,98,86,64,43,22,0
2024,Jun,1HI0,History,10 2K 31,168,146,134,122,109,96,83,62,41,20,0
2024,Jun,1HI0,History,10 2K 32,168,146,134,122,108,95,82,62,42,22,0
2024,Jun,1HI0,History,10 2K 33,168,146,134,122,108,95,82,62,42,22,0
2024,Jun,1HI0,History,10 2L 31,168,143,132,121,108,95,83,61,39,17,0
2024,Jun,1HI0,History,10 2L 33,168,145,133,121,108,95,82,61,40,19,0
2024,Jun,1HI0,History,10 2M 30,168,146,134,122,109,97,85,63,41,19,0
2024,Jun,1HI0,History,10 2M 31,168,145,133,121,108,95,82,60,38,17,0
2024,Jun,1HI0,History,10 2M 33,168,145,133,121,107,94,81,60,39,19,0
2024,Jun,1HI0,History,10 2N 30,168,145,133,121,108,95,82,61,40,19,0
2024,Jun,1HI0,History,10 2N 31,168,146,133,120,106,92,79,58,37,17,0
2024,Jun,1HI0,History,10 2N 33,168,144,132,120,106,92,78,58,38,19,0
2024,Jun,1HI0,History,10 2P 30,168,146,134,122,109,96,84,63,42,21,0
2024,Jun,1HI0,History,10 2P 31,168,145,133,121,107,94,81,60,39,19,0
2024,Jun,1HI0,History,10 2P 32,168,145,133,121,107,93,80,60,40,21,0
2024,Jun,1HI0,History,10 2P 33,168,152,136,121,107,93,80,60,40,21,0
2024,Jun,1HI0,History,10 2Q 30,168,145,133,121,108,96,84,62,40,18,0
2024,Jun,1HI0,History,10 2Q 31,168,149,134,120,107,94,81,59,37,16,0
2024,Jun,1HI0,History,10 2Q 33,168,148,134,120,106,93,80,59,38,18,0
2024,Jun,1HI0,History,10 2R 30,168,145,133,121,108,95,83,61,39,18,0
2024,Jun,1HI0,History,10 2R 31,168,145,132,120,106,93,80,58,37,16,0
2024,Jun,1HI0,History,10 2R 32,168,144,132,120,106,92,79,58,38,18,0
2024,Jun,1HI0,History,10 2R 33,168,144,132,120,106,92,79,58,38,18,0
2024,Jun,1HI0,History,10 2T 31,168,144,132,120,106,93,80,59,38,18,0
2024,Jun,1HI0,History,10 2U 31,168,145,133,121,108,95,82,61,40,20,0
2024,Jun,1HI0,History,10 2U 33,168,145,133,121,107,94,81,61,41,22,0
2024,Jun,1HI0,History,10 2W 31,168,144,132,120,107,94,81,59,38,17,0
2024,Jun,1HI0,History,11 2A 31,168,146,134,122,108,94,80,59,38,17,0
2024,Jun,1HI0,History,11 2B 31,168,147,135,123,109,95,82,61,40,19,0
2024,Jun,1HI0,History,11 2C 31,168,146,134,122,108,95,82,60,38,16,0
2024,Jun,1HI0,History,11 2D 31,168,146,134,122,108,94,81,59,37,16,0
2024,Jun,1HI0,History,11 2D 33,168,146,134,122,108,94,80,59,38,18,0
2024,Jun,1HI0,History,11 2E 31,168,146,134,122,108,94,80,59,38,17,0
2024,Jun,1HI0,History,11 2F 31,168,147,135,123,109,95,82,61,40,19,0
2024,Jun,1HI0,History,11 2G 31,168,146,134,122,108,95,82,60,38,16,0
2024,Jun,1HI0,History,11 2G 33,168,146,134,122,108,94,81,60,39,18,0
2024,Jun,1HI0,History,11 2H 31,168,147,134,122,108,94,81,59,37,16,0
2024,Jun,1HI0,History,11 2H 33,168,146,134,122,108,94,80,59,38,18,0
2024,Jun,1HI0,History,11 2J 30,168,148,136,124,111,98,85,63,41,20,0
2024,Jun,1HI0,History,11 2J 31,168,146,134,123,109,95,82,60,39,18,0
2024,Jun,1HI0,History,11 2J 32,168,147,135,123,109,95,81,60,40,20,0
2024,Jun,1HI0,History,11 2J 33,168,143,133,123,109,95,81,60,40,20,0
2024,Jun,1HI0,History,11 2K 31,168,147,135,124,110,97,84,62,41,20,0
2024,Jun,1HI0,History,11 2K 33,168,148,136,124,110,96,83,62,42,22,0
2024,Jun,1HI0,History,11 2L 31,168,147,135,123,110,97,84,61,39,17,0
2024,Jun,1HI0,History,11 2L 33,168,147,135,123,109,96,83,61,40,19,0
2024,Jun,1HI0,History,11 2M 30,168,148,136,124,111,98,86,63,41,19,0
2024,Jun,1HI0,History,11 2M 31,168,145,134,123,109,96,83,61,39,17,0
2024,Jun,1HI0,History,11 2M 32,168,147,135,123,109,95,82,61,40,19,0
2024,Jun,1HI0,History,11 2M 33,168,145,134,123,109,95,82,61,40,19,0
2024,Jun,1HI0,History,11 2N 30,168,147,135,123,109,96,83,61,40,19,0
2024,Jun,1HI0,History,11 2N 31,168,146,134,122,108,94,80,59,38,17,0
2024,Jun,1HI0,History,11 2N 32,168,146,134,122,107,93,79,59,39,19,0
2024,Jun,1HI0,History,11 2N 33,168,145,133,122,107,93,79,59,39,19,0
2024,Jun,1HI0,History,11 2P 30,168,148,136,124,111,98,85,63,42,21,0
2024,Jun,1HI0,History,11 2P 31,168,149,136,123,109,95,82,61,40,19,0
2024,Jun,1HI0,History,11 2P 32,168,147,135,123,109,95,81,61,41,21,0
2024,Jun,1HI0,History,11 2P 33,168,147,135,123,109,95,81,61,41,21,0
2024,Jun,1HI0,History,11 2Q 30,168,147,135,123,110,97,85,62,40,18,0
2024,Jun,1HI0,History,11 2Q 31,168,147,134,122,108,95,82,60,38,16,0
2024,Jun,1HI0,History,11 2Q 33,168,146,134,122,108,94,81,60,39,18,0
2024,Jun,1HI0,History,11 2R 30,168,145,134,123,110,97,84,62,40,18,0
2024,Jun,1HI0,History,11 2R 31,168,146,134,122,108,94,81,59,37,16,0
2024,Jun,1HI0,History,11 2R 32,168,146,134,122,108,94,80,59,38,18,0
2024,Jun,1HI0,History,11 2R 33,168,145,133,122,108,94,80,59,38,18,0
2024,Jun,1HI0,History,11 2T 30,168,147,135,123,110,97,84,62,41,20,0
2024,Jun,1HI0,History,11 2T 31,168,146,134,122,108,94,81,60,39,18,0
2024,Jun,1HI0,History,11 2T 32,168,146,134,122,108,94,80,60,40,20,0
2024,Jun,1HI0,History,11 2U 31,168,147,135,123,109,96,83,62,41,20,0
2024,Jun,1HI0,History,11 2V 31,168,146,134,122,109,96,83,61,39,17,0
2024,Jun,1HI0,History,11 2V 33,168,146,134,122,108,95,82,61,40,19,0
2024,Jun,1HI0,History,11 2W 30,168,147,135,123,110,97,85,63,41,19,0
2024,Jun,1HI0,History,11 2W 31,168,146,134,122,108,95,82,60,38,17,0
2024,Jun,1HI0,History,11 2W 33,168,146,134,122,108,94,81,60,39,19,0
2024,Jun,1HI0,History,12 2A 31,168,145,133,121,106,92,78,57,36,16,0
2024,Jun,1HI0,History,12 2A 33,168,145,133,121,106,91,77,57,37,18,0
2024,Jun,1HI0,History,12 2B 31,168,146,134,122,108,94,80,59,38,18,0
2024,Jun,1HI0,History,12 2D 30,168,146,134,122,108,95,82,60,38,17,0
2024,Jun,1HI0,History,12 2D 31,168,145,133,121,107,93,79,57,36,15,0
2024,Jun,1HI0,History,12 2D 33,168,145,133,121,106,92,78,57,37,17,0
2024,Jun,1HI0,History,12 2E 30,168,146,134,122,108,94,81,60,39,18,0
2024,Jun,1HI0,History,12 2G 31,168,145,133,121,107,93,80,58,36,15,0
2024,Jun,1HI0,History,12 2H 30,168,146,134,122,108,95,82,60,38,17,0
2024,Jun,1HI0,History,12 2H 31,168,145,133,121,107,93,79,57,36,15,0
2024,Jun,1HI0,History,12 2J 31,168,146,134,122,108,94,80,59,38,17,0
2024,Jun,1HI0,History,12 2J 32,168,146,134,122,107,93,79,59,39,19,0
2024,Jun,1HI0,History,12 2K 31,168,147,135,123,109,95,82,61,40,19,0
2024,Jun,1HI0,History,12 2L 31,168,146,134,122,108,95,82,60,38,16,0
2024,Jun,1HI0,History,12 2M 31,168,146,134,122,108,94,81,59,37,16,0
2024,Jun,1HI0,History,12 2N 30,168,146,134,122,108,94,81,60,39,18,0
2024,Jun,1HI0,History,12 2N 31,168,146,133,121,106,92,78,57,36,16,0
2024,Jun,1HI0,History,12 2N 33,168,145,133,121,106,91,77,57,37,18,0
2024,Jun,1HI0,History,12 2P 30,168,147,135,123,109,96,83,62,41,20,0
2024,Jun,1HI0,History,12 2P 31,168,146,134,122,108,94,80,59,38,18,0
2024,Jun,1HI0,History,12 2Q 31,168,145,133,121,107,93,80,58,36,15,0
2024,Jun,1HI0,History,12 2Q 33,168,145,133,121,107,93,79,58,37,17,0
2024,Jun,1HI0,History,12 2R 30,168,146,134,122,108,95,82,60,38,17,0
2024,Jun,1HI0,History,12 2R 31,168,147,134,121,107,93,79,57,36,15,0
2024,Jun,1HI0,History,12 2R 33,168,145,133,121,106,92,78,57,37,17,0
2024,Jun,1HI0,History,12 2T 31,168,145,133,121,107,93,79,58,37,17,0
2024,Jun,1HI0,History,12 2U 31,168,146,134,122,108,94,81,60,39,19,0
2024,Jun,1HI0,History,12 2V 31,168,145,133,121,107,94,81,59,37,16,0
2024,Jun,1HI0,History,12 2W 30,168,146,134,122,109,96,83,61,39,18,0
2024,Jun,1HI0,History,12 2W 31,168,145,133,121,107,93,80,58,37,16,0
2024,Jun,1HI0,History,13 2D 31,168,146,134,122,108,94,81,59,37,16,0
2024,Jun,1HI0,History,13 2D 33,168,146,134,122,108,94,80,59,38,18,0
2024,Jun,1HI0,History,13 2H 31,168,146,134,122,108,94,81,59,37,16,0
2024,Jun,1HI0,History,13 2J 31,168,147,135,123,109,95,82,60,39,18,0
2024,Jun,1HI0,History,13 2K 31,168,148,136,124,110,97,84,62,41,20,0
2024,Jun,1HI0,History,13 2L 31,168,147,135,123,110,97,84,61,39,17,0
2024,Jun,1HI0,History,13 2M 31,168,147,135,123,109,96,83,61,39,17,0
2024,Jun,1HI0,History,13 2M 33,168,147,135,123,109,95,82,61,40,19,0
2024,Jun,1HI0,History,13 2N 30,168,147,135,123,109,96,83,61,40,19,0
2024,Jun,1HI0,History,13 2N 31,168,149,135,122,108,94,80,59,38,17,0
2024,Jun,1HI0,History,13 2N 33,168,146,134,122,107,93,79,59,39,19,0
2024,Jun,1HI0,History,13 2P 31,168,147,135,123,109,95,82,61,40,19,0
2024,Jun,1HI0,History,13 2P 32,168,147,135,123,109,95,81,61,41,21,0
2024,Jun,1HI0,History,13 2Q 30,168,147,135,123,110,97,85,62,40,18,0
2024,Jun,1HI0,History,13 2Q 31,168,154,138,122,108,95,82,60,38,16,0
2024,Jun,1HI0,History,13 2R 30,168,147,135,123,110,97,84,62,40,18,0
2024,Jun,1HI0,History,13 2R 31,168,150,136,122,108,94,81,59,37,16,0
2024,Jun,1HI0,History,13 2R 32,168,146,134,122,108,94,80,59,38,18,0
2024,Jun,1HI0,History,13 2R 33,168,147,134,122,108,94,80,59,38,18,0
2024,Jun,1HI0,History,13 2T 33,168,146,134,122,108,94,80,60,40,20,0
2024,Jun,1HI0,History,13 2W 33,168,146,134,122,108,94,81,60,39,19,0
2024,Jun,1IN0,Italian (Foundation),1F 2F 3F 4F,280,,,,,203,163,123,83,43,0
2024,Jun,1IN0,Italian (Higher),1H 2H 3H 4H,280,255,231,207,179,151,123,109,,,0
2024,Jun,1IN0,Italian (Higher),1H 2HT 3H 4H,280,255,231,207,179,151,123,109,,,0
2024,Jun,1JA0,Japanese (Foundation),1F 2F 3F 4F,280,,,,,194,156,118,81,44,0
2024,Jun,1JA0,Japanese (Higher),1H 2H 3H 4H,280,219,194,169,144,119,94,81,,,0
2024,Jun,1MA1,Mathematics (Foundation),1F 2F 3F,240,,,,,175,142,103,65,27,0
2024,Jun,1MA1,Mathematics (Higher),1H 2H 3H,240,197,167,137,105,73,42,26,,,0
2024,Jun,1MU0,Music,01 02 03,200,170,160,150,137,124,111,88,65,43,0
2024,Jun,1MU0,Music,01 02T 03,200,170,160,150,137,124,111,88,65,43,0
2024,Jun,1MU0,Music,01T 02T 03,200,170,160,150,137,124,111,88,65,43,0
2024,Jun,1PE0,Physical Education,01 02 03 04,350,278,261,245,223,201,180,138,96,55,0
2024,Jun,1PE0,Physical Education,01 02 03 04T,350,278,261,245,223,201,180,138,96,55,0
2024,Jun,1PE0,Physical Education,01 02 03T 04,350,278,261,245,223,201,180,138,96,55,0
2024,Jun,1PE0,Physical Education,01 02 03T 04T,350,278,261,245,223,201,180,138,96,55,0
2024,Jun,1PG0,Portuguese (Foundation),1F 2F 3F 4F,280,,,,,205,163,121,79,38,0
2024,Jun,1PG0,Portuguese (Higher),1H 2H 3H 4H,280,254,236,219,189,159,130,115,,,0
2024,Jun,1PG0,Portuguese (Higher),1H 2HT 3H 4H,280,254,236,219,189,159,130,115,,,0
2024,Jun,1PH0,Physics (Foundation),1F 2F,200,,,,,135,119,90,62,34,0
2024,Jun,1PH0,Physics (Higher),1H 2H,200,161,146,131,109,87,66,55,,,0
2024,Jun,1PN0,Persian (Foundation),1F 2F 3F 4F,280,,,,,209,166,123,81,39,0
2024,Jun,1PN0,Persian (Higher),1H 2H 3H 4H,280,243,223,203,183,163,143,133,,,0
2024,Jun,1PS0,Psychology,01 02,180,121,109,97,83,70,57,42,27,12,0
2024,Jun,1PY0,Art & Design: Photography,01 02,180,147,134,122,105,89,73,52,31,10,0
2024,Jun,1PY0,Art & Design: Photography,01T 02,180,147,134,122,105,89,73,52,31,10,0
2024,Jun,1RA0,Religious Studies A,1A 2C 3A,204,146,133,121,107,93,80,57,34,11,0
2024,Jun,1RA0,Religious Studies A,1A 2C 4A,204,149,136,124,111,98,85,60,35,11,0
2024,Jun,1RA0,Religious Studies A,1A 2F 3A,204,139,126,114,99,84,70,49,28,8,0
2024,Jun,1RA0,Religious Studies A,1A 2F 4A,204,142,129,117,103,89,75,52,30,8,0
2024,Jun,1RA0,Religious Studies A,1B 2C 3B,204,147,134,122,107,92,77,55,34,13,0
2024,Jun,1RA0,Religious Studies A,1B 2C 4A,204,150,137,125,111,97,84,60,36,13,0
2024,Jun,1RA0,Religious Studies A,1B 2D 3B,204,147,134,122,103,85,67,47,28,9,0
2024,Jun,1RA0,Religious Studies A,1B 2E 4A,204,149,136,124,109,94,80,57,34,11,0
2024,Jun,1RA0,Religious Studies A,1B 2F 3B,204,140,127,115,99,83,67,48,29,10,0
2024,Jun,1RA0,Religious Studies A,1B 2F 4A,204,143,130,118,103,88,74,52,31,10,0
2024,Jun,1RA0,Religious Studies A,1C 2A 3C,204,157,144,132,119,106,93,69,46,23,0
2024,Jun,1RA0,Religious Studies A,1C 2B 3C,204,164,151,139,126,113,100,75,51,27,0
2024,Jun,1RA0,Religious Studies A,1C 2B 4B,204,165,152,140,126,113,100,73,46,20,0
2024,Jun,1RA0,Religious Studies A,1C 2F 3C,204,156,143,131,117,103,90,67,45,23,0
2024,Jun,1RB0,Religious Studies B,1A 2C,204,147,136,126,111,96,81,58,35,13,0
2024,Jun,1RB0,Religious Studies B,1A 2F,204,131,120,110,97,84,71,51,31,12,0
2024,Jun,1RB0,Religious Studies B,1B 2C,204,152,141,131,116,102,88,63,38,13,0
2024,Jun,1RB0,Religious Studies B,1B 2D,204,145,134,124,109,94,80,57,35,13,0
2024,Jun,1RB0,Religious Studies B,1B 2E,204,144,133,123,110,97,84,61,38,16,0
2024,Jun,1RB0,Religious Studies B,1B 2F,204,140,127,115,102,90,78,56,34,12,0
2024,Jun,1RB0,Religious Studies B,1B 2G,204,144,133,123,108,94,80,57,34,11,0
2024,Jun,1RB0,Religious Studies B,1B 3C,204,148,137,127,115,103,92,65,38,12,0
2024,Jun,1RB0,Religious Studies B,1B 3D,204,149,138,128,114,101,88,63,38,13,0
2024,Jun,1RB0,Religious Studies B,1B 3G,204,149,138,128,116,105,94,67,40,13,0
2024,Jun,1RB0,Religious Studies B,1C 2B,204,153,142,132,117,103,89,63,38,13,0
2024,Jun,1RB0,Religious Studies B,1C 3B,204,154,145,136,125,114,103,74,46,18,0
2024,Jun,1RB0,Religious Studies B,1D 2B,204,156,145,135,118,101,84,61,38,15,0
2024,Jun,1RB0,Religious Studies B,1D 3B,204,160,149,139,125,111,98,72,46,20,0
2024,Jun,1RB0,Religious Studies B,1E 2B,204,153,142,132,117,102,88,64,40,17,0
2024,Jun,1RB0,Religious Studies B,1E 3G,204,152,141,131,119,108,97,70,44,18,0
2024,Jun,1RB0,Religious Studies B,1F 2B,204,149,138,128,113,98,83,60,37,15,0
2024,Jun,1RB0,Religious Studies B,1F 3B,204,153,142,132,120,108,97,71,45,20,0
2024,Jun,1RB0,Religious Studies B,1G 2B,204,151,140,130,116,102,88,63,38,14,0
2024,Jun,1RB0,Religious Studies B,1G 3B,204,155,144,134,123,112,102,74,46,19,0
2024,Jun,1RB0,Religious Studies B,1G 3C,204,149,138,128,117,106,95,68,41,14,0
2024,Jun,1RB0,Religious Studies B,2B 3C,204,147,136,126,112,98,85,60,36,12,0
2024,Jun,1RB0,Religious Studies B,2C 3B,204,155,144,134,121,108,95,69,43,18,0
2024,Jun,1RB0,Religious Studies B,2D 3B,204,148,137,127,113,100,87,64,41,18,0
2024,Jun,1RB0,Religious Studies B,2F 3B,204,139,128,118,107,96,85,62,39,17,0
2024,Jun,1RB0,Religious Studies B,2G 3B,204,147,136,126,113,100,87,63,39,16,0
2024,Jun,1RU0,Russian (Foundation),1F 2F 3F 4F,280,,,,,155,124,93,62,31,0
2024,Jun,1RU0,Russian (Higher),1H 2H 3H 4H,280,228,191,154,134,114,94,84,,,0
2024,Jun,1RU0,Russian (Higher),1H 2HT 3H 4H,280,228,191,154,134,114,94,84,,,0
2024,Jun,1SP0,Spanish (Foundation),1F 2F 3F 4F,280,,,,,192,166,130,94,58,0
2024,Jun,1SP0,Spanish (Higher),1H 2H 3H 4H,280,239,208,178,152,127,102,89,,,0
2024,Jun,1ST0,Statistics (Foundation),1F 2F,160,,,,,92,70,50,31,12,0
2024,Jun,1ST0,Statistics (Higher),1H 2H,160,125,106,87,67,47,28,18,,,0
2024,Jun,1TD0,Art & Design: 3D Design,01 02,180,147,134,122,105,89,73,52,31,10,0
2024,Jun,1TE0,Art & Design: Textile Design,01 02,180,147,134,122,105,89,73,52,31,10,0
2024,Jun,1TU0,Turkish (Foundation),1F 2F 3F 4F,280,,,,,146,118,90,62,34,0
2024,Jun,1TU0,Turkish (Higher),1H 2H 3H 4H,280,244,218,192,158,125,92,75,,,0
2024,Jun,1UR0,Urdu (Foundation),1F 2F 3F 4F,280,,,,,196,168,121,74,27,0
2024,Jun,1UR0,Urdu (Higher),1H 2H 3H 4H,280,267,255,244,213,182,151,135,,,0
2024,Nov,1EN0,English Language,01 02,160,132,123,114,104,94,84,64,45,26,0
2024,Nov,1EN2,English Language 2.0,01 02,160,142,132,123,109,95,82,62,43,24,0
2024,Nov,1MA1,Mathematics (Foundation),1F 2F 3F,240,,,,,174,141,103,66,29,0
2024,Nov,1MA1,Mathematics (Higher),1H 2H 3H,240,200,170,140,107,75,43,27,,,0
2025,Jun,1AA0,Arabic (Foundation),1F 2F 3F 4F,280,,,,,164,144,110,77,44,0
2025,Jun,1AA0,Arabic (Higher),1H 2H 3H 4H,280,237,208,179,156,134,112,101,,,0
2025,Jun,1AA0,Arabic (Higher),1H 2HT 3H 4H,280,237,208,179,156,134,112,101,,,0
2025,Jun,1AD0,"Art, Craft & Design",01 02,180,148,135,123,106,90,74,53,32,11,0
2025,Jun,1AS0,Astronomy,01 02,200,162,147,133,118,103,88,68,49,30,0
2025,Jun,1BH0,Biblical Hebrew,01 02,200,149,137,125,113,102,91,75,60,45,0
2025,Jun,1BI0,Biology (Foundation),1F 2F,200,,,,,130,111,81,51,22,0
2025,Jun,1BI0,Biology (Higher),1H 2H,200,167,155,144,124,104,84,74,,,0
2025,Jun,1BS0,Business,01 02,180,143,133,124,110,96,83,61,40,19,0
2025,Jun,1CH0,Chemistry (Foundation),1F 2F,200,,,,,124,104,78,52,27,0
2025,Jun,1CH0,Chemistry (Higher),1H 2H,200,161,144,128,106,84,62,51,,,0
2025,Jun,1CN0,Chinese (Foundation),1F 2F 3F 4F,280,,,,,199,157,115,73,31,0
2025,Jun,1CN0,Chinese (Higher),1H 2H 3H 4H,280,219,193,168,142,116,90,77,,,0
2025,Jun,1CP2,Computer Science,01 02,150,124,109,94,79,64,49,36,23,10,0
2025,Jun,1CS0,Citizenship Studies,01 02,160,136,127,118,104,90,77,57,37,17,0
2025,Jun,1DR0,Drama,01 02 03,240,200,188,176,160,144,128,96,64,32,0
2025,Jun,1DR0,Drama,01T 02T 03,240,200,188,176,160,144,128,96,64,32,0
2025,Jun,1DT0,Design and Technology,02 1A,200,150,136,123,108,93,78,57,36,16,0
2025,Jun,1DT0,Design and Technology,02 1B,200,149,136,123,108,93,79,58,37,16,0
2025,Jun,1DT0,Design and Technology,02 1C,200,150,136,123,108,93,79,58,37,16,0
2025,Jun,1DT0,Design and Technology,02 1D,200,149,135,122,107,92,78,57,36,16,0
2025,Jun,1DT0,Design and Technology,02 1E,200,148,135,122,107,92,78,57,36,16,0
2025,Jun,1DT0,Design and Technology,02 1F,200,146,132,119,104,89,75,54,33,13,0
2025,Jun,1EN0,English Language,01 02,160,131,123,115,105,95,86,66,46,26,0
2025,Jun,1EN2,English Language 2.0,01 02,160,140,130,121,109,97,86,65,44,24,0
2025,Jun,1ET0,English Literature,01 02,160,135,125,115,101,87,73,54,35,17,0
2025,Jun,1FA0,Art & Design: Fine Art,01 02,180,148,135,123,106,90,74,53,32,11,0
2025,Jun,1FA0,Art & Design: Fine Art,01T 02,180,148,135,123,106,90,74,53,32,11,0
2025,Jun,1FR0,French (Foundation),1F 2F 3F 4F,280,,,,,190,171,130,90,50,0
2025,Jun,1FR0,French (Higher),1H 2H 3H 4H,280,226,200,175,153,131,110,99,,,0
2025,Jun,1GA0,Geography A,01 02 03,256,206,188,171,150,129,108,77,46,15,0
2025,Jun,1GB0,Geography B,01 02 03,256,217,201,185,164,143,122,87,53,19,0
2025,Jun,1GC0,Art & Design: Graphic Communication,01 02,180,148,135,123,106,90,74,53,32,11,0
2025,Jun,1GK0,Greek (Foundation),1F 2F 3F 4F,280,,,,,249,199,149,99,50,0
2025,Jun,1GK0,Greek (Higher),1H 2H 3H 4H,280,260,240,221,201,181,162,152,,,0
2025,Jun,1GK0,Greek (Higher),1H 2HT 3H 4H,280,260,240,221,201,181,162,152,,,0
2025,Jun,1GN0,German (Foundation),1F 2F 3F 4F,280,,,,,190,163,122,81,41,0
2025,Jun,1GN0,German (Higher),1H 2H 3H 4H,280,226,199,173,150,127,105,94,,,0
2025,Jun,1GU0,Gujarati (Foundation),1F 2F 3F 4F,280,,,,,163,133,103,73,43,0
2025,Jun,1GU0,Gujarati (Higher),1H 2H 3H 4H,280,249,220,191,162,133,105,91,,,0
2025,Jun,1HI0,History,10 2A 30,168,145,134,123,110,98,86,65,44,23,0
2025,Jun,1HI0,History,10 2A 31,168,144,133,122,109,96,83,62,41,21,0
2025,Jun,1HI0,History,10 2A 32,168,144,133,122,108,95,82,62,42,23,0
2025,Jun,1HI0,History,10 2B 31,168,146,135,124,110,97,84,63,42,21,0
2025,Jun,1HI0,History,10 2C 31,168,145,134,123,110,97,84,62,41,20,0
2025,Jun,1HI0,History,10 2C 32,168,145,134,123,109,96,83,62,42,22,0
2025,Jun,1HI0,History,10 2D 31,168,146,135,124,110,97,84,62,41,20,0
2025,Jun,1HI0,History,10 2E 31,168,145,133,122,109,96,83,62,41,21,0
2025,Jun,1HI0,History,10 2E 33,168,145,133,122,108,95,82,62,42,22,0
2025,Jun,1HI0,History,10 2F 31,168,146,135,124,110,97,84,63,42,21,0
2025,Jun,1HI0,History,10 2G 31,168,145,134,123,110,97,84,62,41,20,0
2025,Jun,1HI0,History,10 2H 31,168,146,135,124,110,97,84,62,41,20,0
2025,Jun,1HI0,History,10 2H 33,168,146,135,124,110,96,83,62,41,21,0
2025,Jun,1HI0,History,10 2J 31,168,145,133,121,109,97,85,64,43,22,0
2025,Jun,1HI0,History,10 2J 33,168,145,133,121,108,96,84,63,43,23,0
2025,Jun,1HI0,History,10 2K 30,168,146,135,124,112,100,89,67,45,24,0
2025,Jun,1HI0,History,10 2K 31,168,145,134,123,110,98,86,64,43,22,0
2025,Jun,1HI0,History,10 2K 33,168,145,134,123,110,97,85,64,43,23,0
2025,Jun,1HI0,History,10 2L 31,168,145,133,122,110,98,86,64,42,21,0
2025,Jun,1HI0,History,10 2L 33,168,144,133,122,109,97,85,64,43,22,0
2025,Jun,1HI0,History,10 2M 30,168,146,135,124,112,100,89,67,45,23,0
2025,Jun,1HI0,History,10 2M 31,168,146,134,123,110,98,86,64,42,21,0
2025,Jun,1HI0,History,10 2M 33,168,146,134,123,110,97,85,64,43,22,0
2025,Jun,1HI0,History,10 2N 31,168,145,134,123,110,97,85,63,42,21,0
2025,Jun,1HI0,History,10 2N 33,168,145,134,123,110,97,84,63,42,22,0
2025,Jun,1HI0,History,10 2P 30,168,147,136,126,113,101,89,67,45,23,0
2025,Jun,1HI0,History,10 2P 31,168,146,135,125,112,99,86,64,42,21,0
2025,Jun,1HI0,History,10 2P 32,168,146,135,125,111,98,85,64,43,23,0
2025,Jun,1HI0,History,10 2P 33,168,146,135,125,111,98,85,64,43,22,0
2025,Jun,1HI0,History,10 2Q 30,168,146,135,125,113,101,89,66,44,22,0
2025,Jun,1HI0,History,10 2Q 31,168,145,134,124,111,98,86,64,42,20,0
2025,Jun,1HI0,History,10 2Q 33,168,145,134,124,111,98,85,63,42,21,0
2025,Jun,1HI0,History,10 2R 30,168,147,136,126,113,101,89,66,44,22,0
2025,Jun,1HI0,History,10 2R 31,168,146,135,125,112,99,86,64,42,20,0
2025,Jun,1HI0,History,10 2R 32,168,146,135,125,111,98,85,64,43,22,0
2025,Jun,1HI0,History,10 2R 33,168,146,135,125,111,98,85,63,42,21,0
2025,Jun,1HI0,History,10 2T 30,168,145,134,123,111,99,87,66,45,24,0
2025,Jun,1HI0,History,10 2T 31,168,144,133,122,109,96,84,63,42,22,0
2025,Jun,1HI0,History,10 2U 31,168,146,135,124,111,98,85,64,43,22,0
2025,Jun,1HI0,History,10 2U 33,168,146,135,124,110,97,84,63,43,23,0
2025,Jun,1HI0,History,10 2V 31,168,145,134,123,110,97,85,63,42,21,0
2025,Jun,1HI0,History,10 2W 30,168,147,136,125,112,100,88,66,44,23,0
2025,Jun,1HI0,History,10 2W 31,168,146,135,124,111,98,85,63,42,21,0
2025,Jun,1HI0,History,11 2A 30,168,146,134,123,110,97,85,64,43,22,0
2025,Jun,1HI0,History,11 2A 31,168,145,133,122,108,95,82,61,40,20,0
2025,Jun,1HI0,History,11 2B 31,168,146,135,124,110,96,83,62,41,20,0
2025,Jun,1HI0,History,11 2C 31,168,145,134,123,109,96,83,61,40,19,0
2025,Jun,1HI0,History,11 2D 31,168,146,135,124,110,96,83,61,40,19,0
2025,Jun,1HI0,History,11 2D 33,168,146,135,124,110,96,82,61,40,20,0
2025,Jun,1HI0,History,11 2E 31,168,145,133,122,108,95,82,61,40,20,0
2025,Jun,1HI0,History,11 2F 31,168,147,135,124,110,96,83,62,41,20,0
2025,Jun,1HI0,History,11 2G 31,168,146,134,123,109,96,83,61,40,19,0
2025,Jun,1HI0,History,11 2H 30,168,148,136,125,112,99,86,64,42,21,0
2025,Jun,1HI0,History,11 2H 31,168,148,136,124,110,96,83,61,40,19,0
2025,Jun,1HI0,History,11 2J 30,168,145,133,122,110,98,87,65,44,23,0
2025,Jun,1HI0,History,11 2J 31,168,146,133,121,108,96,84,63,42,21,0
2025,Jun,1HI0,History,11 2J 33,168,146,133,121,108,95,83,62,42,22,0
2025,Jun,1HI0,History,11 2K 31,168,147,135,123,110,97,85,63,42,21,0
2025,Jun,1HI0,History,11 2K 33,168,146,134,123,110,97,84,63,42,22,0
2025,Jun,1HI0,History,11 2L 31,168,146,134,122,109,97,85,63,41,20,0
2025,Jun,1HI0,History,11 2L 33,168,145,133,122,109,96,84,63,42,21,0
2025,Jun,1HI0,History,11 2M 30,168,147,135,124,112,100,88,66,44,22,0
2025,Jun,1HI0,History,11 2M 31,168,147,135,123,110,97,85,63,41,20,0
2025,Jun,1HI0,History,11 2M 33,168,147,135,123,110,97,84,63,42,21,0
2025,Jun,1HI0,History,11 2N 30,168,146,135,124,111,99,87,65,43,22,0
2025,Jun,1HI0,History,11 2N 31,168,146,134,123,110,97,84,62,41,20,0
2025,Jun,1HI0,History,11 2N 32,168,145,134,123,109,96,83,62,42,22,0
2025,Jun,1HI0,History,11 2N 33,168,146,134,123,109,96,83,62,41,21,0
2025,Jun,1HI0,History,11 2P 30,168,148,137,126,113,100,88,66,44,22,0
2025,Jun,1HI0,History,11 2P 31,168,147,136,125,111,98,85,63,41,20,0
2025,Jun,1HI0,History,11 2P 32,168,147,136,125,111,97,84,63,42,22,0
2025,Jun,1HI0,History,11 2P 33,168,147,136,125,111,97,84,63,42,21,0
2025,Jun,1HI0,History,11 2Q 30,168,147,136,125,112,100,88,65,43,21,0
2025,Jun,1HI0,History,11 2Q 31,168,146,135,124,111,98,85,63,41,19,0
2025,Jun,1HI0,History,11 2Q 33,168,146,135,124,110,97,84,62,41,20,0
2025,Jun,1HI0,History,11 2R 30,168,148,137,126,113,100,88,65,43,21,0
2025,Jun,1HI0,History,11 2R 31,168,147,136,125,111,98,85,63,41,19,0
2025,Jun,1HI0,History,11 2R 33,168,147,136,125,111,97,84,62,41,20,0
2025,Jun,1HI0,History,11 2T 30,168,146,134,123,110,98,86,65,44,23,0
2025,Jun,1HI0,History,11 2T 31,168,145,133,122,109,96,83,62,41,21,0
2025,Jun,1HI0,History,11 2U 31,168,146,135,124,110,97,84,63,42,21,0
2025,Jun,1HI0,History,11 2V 31,168,145,134,123,110,97,84,62,41,20,0
2025,Jun,1HI0,History,11 2V 32,168,145,134,123,109,96,83,62,42,22,0
2025,Jun,1HI0,History,11 2V 33,168,145,134,123,109,96,83,62,41,21,0
2025,Jun,1HI0,History,11 2W 31,168,146,135,124,110,97,84,62,41,20,0
2025,Jun,1HI0,History,11 2W 33,168,146,135,124,110,96,83,62,41,21,0
2025,Jun,1HI0,History,12 2A 30,168,146,134,123,110,97,85,64,43,23,0
2025,Jun,1HI0,History,12 2A 31,168,145,133,122,108,95,82,61,41,21,0
2025,Jun,1HI0,History,12 2A 33,168,145,133,122,108,94,81,61,41,22,0
2025,Jun,1HI0,History,12 2B 30,168,147,136,125,112,99,86,65,44,23,0
2025,Jun,1HI0,History,12 2B 32,168,146,135,124,110,96,82,62,42,23,0
2025,Jun,1HI0,History,12 2D 31,168,146,135,124,110,96,83,62,41,20,0
2025,Jun,1HI0,History,12 2D 33,168,146,135,124,110,96,82,61,41,21,0
2025,Jun,1HI0,History,12 2E 31,168,145,133,122,108,95,82,61,41,21,0
2025,Jun,1HI0,History,12 2G 30,168,147,135,124,111,98,86,64,43,22,0
2025,Jun,1HI0,History,12 2H 31,168,147,135,124,110,96,83,62,41,20,0
2025,Jun,1HI0,History,12 2J 31,168,144,132,121,108,96,84,63,42,22,0
2025,Jun,1HI0,History,12 2K 31,168,146,134,123,110,97,85,64,43,22,0
2025,Jun,1HI0,History,12 2M 31,168,134,128,123,110,97,85,63,42,21,0
2025,Jun,1HI0,History,12 2N 30,168,146,135,124,111,99,87,65,44,23,0
2025,Jun,1HI0,History,12 2N 31,168,146,134,123,110,97,84,63,42,21,0
2025,Jun,1HI0,History,12 2N 33,168,145,134,123,109,96,83,62,42,22,0
2025,Jun,1HI0,History,12 2P 30,168,148,137,126,113,100,88,66,44,23,0
2025,Jun,1HI0,History,12 2P 31,168,147,136,125,111,98,85,63,42,21,0
2025,Jun,1HI0,History,12 2Q 30,168,147,136,125,112,100,88,66,44,22,0
2025,Jun,1HI0,History,12 2Q 31,168,146,135,124,111,98,85,63,41,20,0
2025,Jun,1HI0,History,12 2Q 33,168,146,135,124,110,97,84,63,42,21,0
2025,Jun,1HI0,History,12 2R 30,168,148,137,126,113,100,88,66,44,22,0
2025,Jun,1HI0,History,12 2R 31,168,147,136,125,111,98,85,63,41,20,0
2025,Jun,1HI0,History,12 2R 32,168,147,136,125,111,97,84,63,42,22,0
2025,Jun,1HI0,History,12 2R 33,168,147,136,125,111,97,84,63,42,21,0
2025,Jun,1HI0,History,12 2T 31,168,145,133,122,109,96,83,62,42,22,0
2025,Jun,1HI0,History,12 2U 31,168,146,135,124,110,97,84,63,42,22,0
2025,Jun,1HI0,History,12 2V 31,168,145,134,123,110,97,84,63,42,21,0
2025,Jun,1HI0,History,12 2W 30,168,147,136,125,112,99,87,65,44,23,0
2025,Jun,1HI0,History,13 2D 31,168,146,135,124,111,98,85,63,41,20,0
2025,Jun,1HI0,History,13 2D 33,168,146,135,124,110,97,84,63,42,21,0
2025,Jun,1HI0,History,13 2H 31,168,147,135,124,111,98,85,63,41,20,0
2025,Jun,1HI0,History,13 2J 31,168,144,132,121,109,97,86,64,43,22,0
2025,Jun,1HI0,History,13 2J 33,168,144,132,121,109,97,85,64,43,23,0
2025,Jun,1HI0,History,13 2K 31,168,146,134,123,111,99,87,65,43,22,0
2025,Jun,1HI0,History,13 2L 31,168,145,133,122,110,98,87,65,43,21,0
2025,Jun,1HI0,History,13 2L 33,168,145,133,122,110,98,86,64,43,22,0
2025,Jun,1HI0,History,13 2M 31,168,147,135,123,111,99,87,65,43,21,0
2025,Jun,1HI0,History,13 2M 33,168,146,134,123,110,98,86,64,43,22,0
2025,Jun,1HI0,History,13 2N 30,168,146,135,124,112,100,89,67,45,23,0
2025,Jun,1HI0,History,13 2N 31,168,146,134,123,110,98,86,64,42,21,0
2025,Jun,1HI0,History,13 2N 33,168,145,134,123,110,97,85,64,43,22,0
2025,Jun,1HI0,History,13 2P 31,168,147,136,125,112,99,87,65,43,21,0
2025,Jun,1HI0,History,13 2P 32,168,147,136,125,112,99,86,65,44,23,0
2025,Jun,1HI0,History,13 2Q 30,168,147,136,125,113,101,90,67,44,22,0
2025,Jun,1HI0,History,13 2Q 31,168,146,135,124,111,99,87,64,42,20,0
2025,Jun,1HI0,History,13 2Q 33,168,146,135,124,111,98,86,64,42,21,0
2025,Jun,1HI0,History,13 2R 30,168,148,137,126,114,102,90,67,44,22,0
2025,Jun,1HI0,History,13 2R 31,168,147,136,125,112,99,87,64,42,20,0
2025,Jun,1HI0,History,13 2R 32,168,147,136,125,112,99,86,64,43,22,0
2025,Jun,1HI0,History,13 2R 33,168,147,136,125,112,99,86,64,42,21,0
2025,Jun,1HI0,History,13 2T 33,168,145,133,122,109,96,84,63,43,23,0
2025,Jun,1HI0,History,13 2U 31,168,146,135,124,111,98,86,64,43,22,0
2025,Jun,1HI0,History,13 2V 33,168,145,134,123,110,97,85,64,43,22,0
2025,Jun,1HI0,History,13 2W 30,168,147,136,125,113,101,89,67,45,23,0
2025,Jun,1HI0,History,13 2W 33,168,146,135,124,111,98,85,64,43,22,0
2025,Jun,1IN0,Italian (Foundation),1F 2F 3F 4F,280,,,,,210,168,126,84,43,0
2025,Jun,1IN0,Italian (Higher),1H 2H 3H 4H,280,256,233,210,181,153,125,111,,,0
2025,Jun,1IN0,Italian (Higher),1H 2HT 3H 4H,280,256,233,210,181,153,125,111,,,0
2025,Jun,1JA0,Japanese (Foundation),1F 2F 3F 4F,280,,,,,204,164,124,84,44,0
2025,Jun,1JA0,Japanese (Higher),1H 2H 3H 4H,280,235,208,181,154,128,102,89,,,0
2025,Jun,1JA0,Japanese (Higher),1H 2HT 3H 4H,280,235,208,181,154,128,102,89,,,0
2025,Jun,1MA1,Mathematics (Foundation),1F 2F 3F,240,,,,,175,144,105,67,29,0
2025,Jun,1MA1,Mathematics (Higher),1H 2H 3H,240,217,186,156,121,87,53,36,,,0
2025,Jun,1MU0,Music,01 02 03,200,174,165,156,142,129,116,92,69,46,0
2025,Jun,1MU0,Music,01 02T 03,200,174,165,156,142,129,116,92,69,46,0
2025,Jun,1MU0,Music,01T 02T 03,200,174,165,156,142,129,116,92,69,46,0
2025,Jun,1PE0,Physical Education,01 02 03 04,350,296,279,262,237,213,189,144,99,55,0
2025,Jun,1PE0,Physical Education,01 02 03T 04,350,296,279,262,237,213,189,144,99,55,0
2025,Jun,1PE0,Physical Education,01 02 03T 04T,350,296,279,262,237,213,189,144,99,55,0
2025,Jun,1PG0,Portuguese (Foundation),1F 2F 3F 4F,280,,,,,205,163,121,79,38,0
2025,Jun,1PG0,Portuguese (Higher),1H 2H 3H 4H,280,258,242,226,194,163,132,116,,,0
2025,Jun,1PH0,Physics (Foundation),1F 2F,200,,,,,131,114,86,58,30,0
2025,Jun,1PH0,Physics (Higher),1H 2H,200,161,145,130,110,90,71,61,,,0
2025,Jun,1PN0,Persian (Foundation),1F 2F 3F 4F,280,,,,,214,170,126,82,39,0
2025,Jun,1PN0,Persian (Higher),1H 2H 3H 4H,280,249,229,209,189,169,149,139,,,0
2025,Jun,1PS0,Psychology,01 02,180,124,111,99,85,72,59,44,29,14,0
2025,Jun,1PY0,Art & Design: Photography,01 02,180,148,135,123,106,90,74,53,32,11,0
2025,Jun,1PY0,Art & Design: Photography,01T 02,180,148,135,123,106,90,74,53,32,11,0
2025,Jun,1RA0,Religious Studies A,1A 2C 3A,204,145,131,118,105,92,79,56,34,12,0
2025,Jun,1RA0,Religious Studies A,1A 2F 3A,204,137,124,111,96,82,68,48,28,8,0
2025,Jun,1RA0,Religious Studies A,1A 2F 4A,204,141,128,116,102,88,75,52,30,8,0
2025,Jun,1RA0,Religious Studies A,1B 2C 3B,204,151,138,125,111,97,84,60,36,13,0
2025,Jun,1RA0,Religious Studies A,1B 2C 4A,204,154,141,128,114,101,88,63,38,13,0
2025,Jun,1RA0,Religious Studies A,1B 2D 3B,204,151,138,125,108,92,76,54,32,10,0
2025,Jun,1RA0,Religious Studies A,1B 2E 4A,204,154,141,128,113,98,84,59,35,11,0
2025,Jun,1RA0,Religious Studies A,1B 2F 3B,204,143,130,118,103,88,73,51,30,9,0
2025,Jun,1RA0,Religious Studies A,1C 2A 3C,204,149,136,123,110,97,84,60,36,12,0
2025,Jun,1RA0,Religious Studies A,1C 2A 4B,204,149,136,124,110,97,84,59,34,10,0
2025,Jun,1RA0,Religious Studies A,1C 2B 3C,204,155,141,128,115,102,90,64,39,14,0
2025,Jun,1RA0,Religious Studies A,1C 2B 4B,204,155,142,129,116,103,90,64,38,12,0
2025,Jun,1RA0,Religious Studies A,1C 2F 3C,204,147,134,121,107,93,80,57,34,11,0
2025,Jun,1RB0,Religious Studies B,1A 2C,204,148,137,127,112,97,82,58,35,12,0
2025,Jun,1RB0,Religious Studies B,1A 2F,204,135,124,114,102,90,79,57,36,15,0
2025,Jun,1RB0,Religious Studies B,1B 2C,204,152,141,130,115,101,87,61,36,11,0
2025,Jun,1RB0,Religious Studies B,1B 2D,204,144,133,123,109,95,81,58,35,13,0
2025,Jun,1RB0,Religious Studies B,1B 2E,204,143,132,122,109,96,84,60,37,14,0
2025,Jun,1RB0,Religious Studies B,1B 2F,204,139,128,117,106,95,84,60,37,14,0
2025,Jun,1RB0,Religious Studies B,1B 2G,204,142,131,121,107,94,81,58,35,12,0
2025,Jun,1RB0,Religious Studies B,1B 3C,204,149,138,127,114,102,90,63,37,11,0
2025,Jun,1RB0,Religious Studies B,1B 3G,204,144,133,123,112,101,90,63,37,11,0
2025,Jun,1RB0,Religious Studies B,1C 2B,204,143,133,124,110,96,82,59,36,13,0
2025,Jun,1RB0,Religious Studies B,1C 3B,204,154,144,134,121,109,97,69,42,15,0
2025,Jun,1RB0,Religious Studies B,1D 2B,204,144,133,123,108,93,78,56,34,12,0
2025,Jun,1RB0,Religious Studies B,1D 3B,204,155,144,133,119,106,93,66,40,14,0
2025,Jun,1RB0,Religious Studies B,1E 2B,204,147,136,126,111,97,83,60,37,15,0
2025,Jun,1RB0,Religious Studies B,1E 3G,204,147,136,126,114,103,92,66,40,14,0
2025,Jun,1RB0,Religious Studies B,1F 2B,204,146,135,125,111,97,84,61,38,15,0
2025,Jun,1RB0,Religious Studies B,1F 3B,204,157,146,135,123,111,99,71,44,17,0
2025,Jun,1RB0,Religious Studies B,1G 2B,204,146,135,125,111,97,84,60,37,14,0
2025,Jun,1RB0,Religious Studies B,1G 3B,204,157,146,135,123,111,99,71,43,16,0
2025,Jun,1RB0,Religious Studies B,2B 3C,204,145,134,124,109,95,81,58,35,13,0
2025,Jun,1RB0,Religious Studies B,2C 3B,204,159,148,137,122,107,93,67,41,15,0
2025,Jun,1RB0,Religious Studies B,2D 3B,204,151,140,130,115,101,87,63,40,17,0
2025,Jun,1RB0,Religious Studies B,2F 3B,204,146,135,124,112,101,90,66,42,18,0
2025,Jun,1RU0,Russian (Foundation),1F 2F 3F 4F,280,,,,,155,124,93,62,31,0
2025,Jun,1RU0,Russian (Higher),1H 2H 3H 4H,280,234,203,173,146,120,94,81,,,0
2025,Jun,1RU0,Russian (Higher),1H 2HT 3H 4H,280,234,203,173,146,120,94,81,,,0
2025,Jun,1SP0,Spanish (Foundation),1F 2F 3F 4F,280,,,,,189,166,127,88,50,0
2025,Jun,1SP0,Spanish (Foundation),1F 2FT 3F 4F,280,,,,,189,166,127,88,50,0
2025,Jun,1SP0,Spanish (Higher),1H 2H 3H 4H,280,240,212,185,159,134,109,96,,,0
2025,Jun,1ST0,Statistics (Foundation),1F 2F,160,,,,,87,68,49,30,12,0
2025,Jun,1ST0,Statistics (Higher),1H 2H,160,121,100,80,61,42,24,15,,,0
2025,Jun,1TD0,Art & Design: 3D Design,01 02,180,148,135,123,106,90,74,53,32,11,0
2025,Jun,1TE0,Art & Design: Textile Design,01 02,180,148,135,123,106,90,74,53,32,11,0
2025,Jun,1TU0,Turkish (Foundation),1F 2F 3F 4F,280,,,,,169,136,103,71,39,0
2025,Jun,1TU0,Turkish (Higher),1H 2H 3H 4H,280,243,219,195,163,131,99,83,,,0
2025,Jun,1TU0,Turkish (Higher),1H 2HT 3H 4H,280,243,219,195,163,131,99,83,,,0
2025,Jun,1UR0,Urdu (Foundation),1F 2F 3F 4F,280,,,,,196,168,122,76,31,0
2025,Jun,1UR0,Urdu (Higher),1H 2H 3H 4H,280,267,252,237,207,178,149,134,,,0
2025,Jun,1UR0,Urdu (Higher),1H 2HT 3H 4H,280,267,252,237,207,178,149,134,,,0
2025,Nov,1EN0,English Language,01 02,160,131,123,115,105,95,86,66,46,26,0
2025,Nov,1EN2,English Language 2.0,01 02,160,140,130,121,109,97,86,65,44,24,0
2025,Nov,1MA1,Mathematics (Foundation),1F 2F 3F,240,,,,,174,143,105,67,29,0
2025,Nov,1MA1,Mathematics (Higher),1H 2H 3H,240,211,182,153,119,85,51,34,,,0
